{"val_f1_m": [0.6293749403953552, 0.6574999403953552, 0.48999994099140165, 0.5399999403953553, 0.5012499403953552, 0.49687494039535524, 0.6024999403953553, 0.4924999403953552, 0.5012499405443669, 0.5043749403953552, 0.49437494039535523, 0.8906249475479125, 0.4931249403953552, 0.7787499403953553, 0.5018749403953552, 0.4999999403953552, 0.5093749403953552, 0.4999999403953552, 0.5112499403953552, 0.5012499403953552], "recall_m": [0.5780833333333333, 0.6284166666666666, 0.63825, 0.6751666666666667, 0.7085, 0.73625, 0.7654166666666666, 0.7996666666666666, 0.8248333333333333, 0.8413333333333334, 0.8720833333333333, 0.8788333333333334, 0.90125, 0.9080833333333334, 0.9180833333333334, 0.9280833333333334, 0.9381666666666667, 0.9434166666666667, 0.9523333333333334, 0.94725], "val_precision_m": [0.629375, 0.6575, 0.49, 0.54, 0.50125, 0.496875, 0.6025, 0.4925, 0.50125, 0.504375, 0.494375, 0.890625, 0.493125, 0.77875, 0.501875, 0.5, 0.509375, 0.5, 0.51125, 0.50125], "acc": [0.5780833333333333, 0.6284166666666666, 0.63825, 0.6751666666666667, 0.7085, 0.73625, 0.7654166666666666, 0.7996666666666666, 0.8248333333333333, 0.8413333333333334, 0.8720833333333333, 0.8788333333333334, 0.90125, 0.9080833333333334, 0.9180833333333334, 0.9280833333333334, 0.9381666666666667, 0.9434166666666667, 0.9523333333333334, 0.94725], "val_recall_m": [0.629375, 0.6575, 0.49, 0.54, 0.50125, 0.496875, 0.6025, 0.4925, 0.50125, 0.504375, 0.494375, 0.890625, 0.493125, 0.77875, 0.501875, 0.5, 0.509375, 0.5, 0.51125, 0.50125], "val_acc": [0.629375, 0.6575, 0.49, 0.54, 0.50125, 0.496875, 0.6025, 0.4925, 0.50125, 0.504375, 0.494375, 0.890625, 0.493125, 0.77875, 0.501875, 0.5, 0.509375, 0.5, 0.51125, 0.50125], "loss": [0.6989510728915532, 0.6421203762690226, 0.6279161080519359, 0.5971249672571818, 0.5634293708999951, 0.5282093890508016, 0.48847645538051926, 0.44199164911111194, 0.39348386898636817, 0.3635782847503821, 0.31738723095258076, 0.29988096085687477, 0.2564394139274955, 0.23343799089516204, 0.21033694204315542, 0.19335989450042446, 0.16640864987112583, 0.15492335168272256, 0.13860075714377065, 0.138874393750603], "precision_m": [0.5780833333333333, 0.6284166666666666, 0.63825, 0.6751666666666667, 0.7085, 0.73625, 0.7654166666666666, 0.7996666666666666, 0.8248333333333333, 0.8413333333333334, 0.8720833333333333, 0.8788333333333334, 0.90125, 0.9080833333333334, 0.9180833333333334, 0.9280833333333334, 0.9381666666666667, 0.9434166666666667, 0.9523333333333334, 0.94725], "f1_m": [0.5780832737286885, 0.6284166070620218, 0.6382499404748281, 0.6751666073004404, 0.7084999407927195, 0.7362499407927195, 0.7654166080156962, 0.7996666084925333, 0.8248332767486573, 0.8413332772254943, 0.8720832804044087, 0.8788332812786103, 0.9012499516010284, 0.9080832870006561, 0.9180832889874776, 0.9280832918485006, 0.938166629076004, 0.9434166312217712, 0.9523333017031351, 0.9472499666213989], "val_loss": [0.6467536503076553, 0.6274991285800934, 1.0839768326282502, 0.774513783454895, 1.5224366235733031, 1.5069997662305832, 0.726870781481266, 1.5044269323349, 1.2796959099173546, 2.067243738472462, 2.0674888390302657, 0.2778982788696885, 1.4048005628585816, 0.539464985281229, 2.2102270698547364, 2.0731885588169097, 1.8744614225625993, 2.070557304620743, 2.3321870267391205, 2.5639854562282562]}