{"acc": [0.5894166666666667, 0.63175, 0.6485, 0.6839166666666666, 0.7215833333333334, 0.7535833333333334, 0.7863333333333333, 0.8066666666666666, 0.8265833333333333, 0.8480833333333333, 0.8640833333333333, 0.8785833333333334, 0.89825, 0.9045833333333333, 0.9165, 0.9159166666666667, 0.93725, 0.943, 0.9428333333333333, 0.9489166666666666], "val_loss": [5.687303957939148, 1.5783287698030473, 3.599642987251282, 1.5740762567520141, 1.3367764464020728, 0.6235162755846977, 2.0896444910764695, 1.4642390018701554, 0.8055349630117417, 2.4175568294525145, 2.244002026319504, 3.1511416137218475, 1.3937423458695413, 2.075290195643902, 1.2947022485733033, 0.664451634734869, 1.5775841194391251, 0.8149007996916771, 0.3921089869551361, 0.4290545759256929], "val_precision_m": [0.503125, 0.495, 0.50625, 0.491875, 0.50625, 0.66, 0.500625, 0.499375, 0.63, 0.504375, 0.495, 0.505625, 0.615, 0.541875, 0.6275, 0.705, 0.629375, 0.741875, 0.870625, 0.859375], "precision_m": [0.5894166666666667, 0.63175, 0.6485, 0.6839166666666666, 0.7215833333333334, 0.7535833333333334, 0.7863333333333333, 0.8066666666666666, 0.8265833333333333, 0.8480833333333333, 0.8640833333333333, 0.8785833333333334, 0.89825, 0.9045833333333333, 0.9165, 0.9159166666666667, 0.93725, 0.943, 0.9428333333333333, 0.9489166666666666], "recall_m": [0.5894166666666667, 0.63175, 0.6485, 0.6839166666666666, 0.7215833333333334, 0.7535833333333334, 0.7863333333333333, 0.8066666666666666, 0.8265833333333333, 0.8480833333333333, 0.8640833333333333, 0.8785833333333334, 0.89825, 0.9045833333333333, 0.9165, 0.9159166666666667, 0.93725, 0.943, 0.9428333333333333, 0.9489166666666666], "loss": [0.6808793014287948, 0.644863006790479, 0.6243803432782491, 0.5922432823578516, 0.5548819397687912, 0.5075515651702881, 0.4604956108927727, 0.4317744286060333, 0.394722804715236, 0.35248149745663004, 0.323065708865722, 0.29221540948748587, 0.25352920056382816, 0.2390133231456081, 0.2157349887515108, 0.21525763352711996, 0.16969934274132054, 0.1487589765364925, 0.15019519377748172, 0.13966708690673113], "val_f1_m": [0.5031249403953553, 0.4949999403953552, 0.5062499403953552, 0.49187494039535523, 0.5062499403953552, 0.6599999403953553, 0.5006249403953552, 0.49937494039535524, 0.6299999403953552, 0.5043749403953552, 0.4949999403953552, 0.5056249403953552, 0.6149999403953552, 0.5418749403953552, 0.6274999403953552, 0.7049999409914016, 0.6293749403953552, 0.7418749409914017, 0.8706249463558197, 0.8593749511241913], "val_recall_m": [0.503125, 0.495, 0.50625, 0.491875, 0.50625, 0.66, 0.500625, 0.499375, 0.63, 0.504375, 0.495, 0.505625, 0.615, 0.541875, 0.6275, 0.705, 0.629375, 0.741875, 0.870625, 0.859375], "val_acc": [0.503125, 0.495, 0.50625, 0.491875, 0.50625, 0.66, 0.500625, 0.499375, 0.63, 0.504375, 0.495, 0.505625, 0.615, 0.541875, 0.6275, 0.705, 0.629375, 0.741875, 0.870625, 0.859375], "f1_m": [0.5894166070620219, 0.6317499403953553, 0.6484999403953552, 0.6839166071414947, 0.7215832742055257, 0.7535832742849986, 0.7863332749207814, 0.8066666100819906, 0.8265832761923472, 0.8480832788944245, 0.8640832797686259, 0.878583281914393, 0.8982499522368114, 0.9045832854906718, 0.9164999561309815, 0.9159166213671366, 0.9372499616146087, 0.9429999641577402, 0.9428332967758178, 0.9489166329701741]}