{"val_precision_m": [0.50125, 0.584375, 0.5175, 0.5225, 0.49375, 0.515625, 0.689375, 0.70125, 0.50875, 0.653125, 0.555, 0.530625, 0.529375, 0.495, 0.805, 0.77, 0.68125, 0.8, 0.85375, 0.790625], "loss": [0.7548490629990896, 0.68561869541804, 0.6686084770361582, 0.6531880893309912, 0.6458138030767441, 0.6343668698469798, 0.6421288740237554, 0.6131268864472708, 0.6034182914892833, 0.5925886245171229, 0.564958406051, 0.5481416991154353, 0.5153554693857829, 0.47137413452068966, 0.4432606391410033, 0.4025237663090229, 0.35576515888174376, 0.32270247653126716, 0.2940488337477048, 0.2674092660744985], "acc": [0.54675, 0.5820833333333333, 0.5969166666666667, 0.627, 0.62975, 0.6495, 0.64225, 0.6653333333333333, 0.67925, 0.6883333333333334, 0.7078333333333333, 0.7275833333333334, 0.74825, 0.7765, 0.7975833333333333, 0.82075, 0.84675, 0.8633333333333333, 0.8798333333333334, 0.8925833333333333], "val_f1_m": [0.5012499403953552, 0.5843749403953552, 0.5174999403953552, 0.5224999403953552, 0.49374994039535525, 0.5156249403953552, 0.6893749409914016, 0.7012499403953553, 0.5087499403953553, 0.6531249403953552, 0.5549999403953553, 0.5306249403953552, 0.5293749403953553, 0.4949999403953552, 0.8049999415874481, 0.7699999409914017, 0.6812499403953552, 0.7999999421834946, 0.853749942779541, 0.7906249415874481], "f1_m": [0.5467499404152234, 0.5820832737286885, 0.5969166070620219, 0.6269999404748281, 0.6297499403953553, 0.6494999405543009, 0.6422499403953552, 0.6653332737286886, 0.679249940554301, 0.6883332737286886, 0.7078332738876343, 0.72758327404658, 0.7482499407927196, 0.7764999420642853, 0.7975832754770915, 0.820749943335851, 0.8467499448458353, 0.8633332804044088, 0.8798332807223002, 0.8925832834243774], "val_acc": [0.50125, 0.584375, 0.5175, 0.5225, 0.49375, 0.515625, 0.689375, 0.70125, 0.50875, 0.653125, 0.555, 0.530625, 0.529375, 0.495, 0.805, 0.77, 0.68125, 0.8, 0.85375, 0.790625], "val_recall_m": [0.50125, 0.584375, 0.5175, 0.5225, 0.49375, 0.515625, 0.689375, 0.70125, 0.50875, 0.653125, 0.555, 0.530625, 0.529375, 0.495, 0.805, 0.77, 0.68125, 0.8, 0.85375, 0.790625], "precision_m": [0.54675, 0.5820833333333333, 0.5969166666666667, 0.627, 0.62975, 0.6495, 0.64225, 0.6653333333333333, 0.67925, 0.6883333333333334, 0.7078333333333333, 0.7275833333333334, 0.74825, 0.7765, 0.7975833333333333, 0.82075, 0.84675, 0.8633333333333333, 0.8798333333333334, 0.8925833333333333], "val_loss": [0.7071608954668045, 0.9422365760803223, 0.7910645794868469, 1.5566389900445938, 1.3307514047622682, 0.7691487699747086, 0.611146844625473, 0.6071734654903412, 2.176667649745941, 0.6076620644330979, 0.8729260298609733, 1.0318483418226243, 0.9675633922219277, 1.5111026662588118, 0.444218543022871, 0.5004545480012894, 0.6659050768613816, 0.4358791719377041, 0.36826073586940766, 0.4403095276653767], "recall_m": [0.54675, 0.5820833333333333, 0.5969166666666667, 0.627, 0.62975, 0.6495, 0.64225, 0.6653333333333333, 0.67925, 0.6883333333333334, 0.7078333333333333, 0.7275833333333334, 0.74825, 0.7765, 0.7975833333333333, 0.82075, 0.84675, 0.8633333333333333, 0.8798333333333334, 0.8925833333333333]}