{"val_loss": [3.3225439083576203, 9.40518135547638, 6.628566775321961, 6.266455507608954, 9.509676260948181, 9.731300129890442, 9.729764004510832, 9.529823951721191, 9.660783505439758, 9.791742944717408, 9.760232940438264, 9.670857214927674, 9.751447763442993, 9.445386764608093, 9.459307298660278, 9.670857281684876, 8.273476228713989, 9.668826015474815, 9.620488176345825, 9.660783491134644], "val_f1_m": [0.39124994054436685, 0.4062499403953552, 0.5887499403953552, 0.6112160714978156, 0.4099999403953552, 0.3962499403953552, 0.39634524611609495, 0.4087499403953552, 0.40062494039535523, 0.39249994069337846, 0.3944548869102949, 0.3999999405443668, 0.39499994039535524, 0.4139885983154619, 0.41312494039535524, 0.39999994039535525, 0.38437494039535525, 0.40012596456525307, 0.40312494039535524, 0.4006249405443668], "acc": [0.61025, 0.6723333333333333, 0.72425, 0.7813333333333333, 0.823, 0.8471666666666666, 0.8699166666666667, 0.88625, 0.89825, 0.9089166666666667, 0.9194166666666667, 0.9265, 0.9355, 0.9431666666666667, 0.9471666666666667, 0.95375, 0.9594166666666667, 0.9606666666666667, 0.9695, 0.96425], "val_recall_m": [0.39125, 0.40625, 0.58875, 0.6112161311024604, 0.41, 0.39625, 0.3963453056080655, 0.40875, 0.400625, 0.3925, 0.3944549464586026, 0.4, 0.395, 0.4139886578637696, 0.413125, 0.4, 0.384375, 0.40012602396332847, 0.403125, 0.400625], "precision_m": [0.61025, 0.6723333333333333, 0.72425, 0.7813333333333333, 0.823, 0.8471666666666666, 0.8699166666666667, 0.88625, 0.89825, 0.9089166666666667, 0.9194166666666667, 0.9265, 0.9355, 0.9431666666666667, 0.9471666666666667, 0.95375, 0.9594166666666667, 0.9606666666666667, 0.9695, 0.96425], "recall_m": [0.61025, 0.6723333333333333, 0.72425, 0.7813333333333333, 0.823, 0.8471666666666666, 0.8699166666666667, 0.88625, 0.89825, 0.9089166666666667, 0.9194166666666667, 0.9265, 0.9355, 0.9431666666666667, 0.9471666666666667, 0.95375, 0.9594166666666667, 0.9606666666666667, 0.9695, 0.96425], "f1_m": [0.6102499403953552, 0.6723332738081614, 0.7242499408721924, 0.7813332747618358, 0.8229999430974324, 0.8471666118303934, 0.8699166146914165, 0.8862499495347341, 0.8982499516010285, 0.908916620651881, 0.9194166227976481, 0.9264999574820201, 0.935499961455663, 0.9431666313012441, 0.9471666321754456, 0.9537499682108561, 0.9594166386127472, 0.9606666389306386, 0.9694999772707621, 0.9642499738534291], "val_precision_m": [0.39125, 0.40625, 0.58875, 0.6112161311024604, 0.41, 0.39625, 0.3963453056080655, 0.40875, 0.400625, 0.3925, 0.3944549464586026, 0.4, 0.395, 0.4139886578637696, 0.413125, 0.4, 0.384375, 0.40012602396332847, 0.403125, 0.400625], "loss": [0.6784070091644923, 0.6086416922807694, 0.5379996410608292, 0.4634847433765729, 0.39357339095075927, 0.35398488345742224, 0.3094006095478932, 0.28444503582517305, 0.2506905373906096, 0.22837720778087775, 0.20502455650269985, 0.19292663242171207, 0.17112270707761248, 0.15274171612784265, 0.13859388492380578, 0.12477201443910599, 0.11109141031155984, 0.10486849439920237, 0.08683552822641408, 0.09353017282144477], "val_acc": [0.39125, 0.40625, 0.58875, 0.6112161311024604, 0.41, 0.39625, 0.3963453056080655, 0.40875, 0.400625, 0.3925, 0.3944549464586026, 0.4, 0.395, 0.4139886578637696, 0.413125, 0.4, 0.384375, 0.40012602396332847, 0.403125, 0.400625]}