{"val_loss": [1.0070026820898057, 6.2602963590621945, 5.0301146101951595, 1.912422075867653, 3.451946547031403, 3.9556222796440124, 2.485011295080185, 1.1308831894397735, 1.7580188941955566, 2.158510745763779, 1.2508415132761002, 3.525061376094818, 2.6996795284748076, 2.9217909502983095, 2.1774329537153245, 1.5631290078163147, 2.071521703004837, 2.744669905900955, 2.056653882265091, 3.9901663029193877], "loss": [0.6911536939541498, 0.6534275897741317, 0.6336267233292262, 0.6313044032255809, 0.616370662967364, 0.5887057611544927, 0.5635520310004553, 0.531139085372289, 0.4856297617753347, 0.43924918718139333, 0.4055354506969452, 0.3739024341106415, 0.3306903732766708, 0.31368036384383835, 0.2858444844384988, 0.2734055900722742, 0.24737908216317495, 0.23390691812336445, 0.2159818153604865, 0.2084006276652217], "f1_m": [0.5724999404748281, 0.6164999403953553, 0.6290268222490947, 0.6411666070620219, 0.6559999403953553, 0.6834166072209676, 0.7098332741260529, 0.7312499411106109, 0.7709166077772777, 0.7979999417463939, 0.8234166088104248, 0.8419999434947968, 0.8637499459584554, 0.8713332811196645, 0.8861666157245636, 0.8904999502499898, 0.9062499533494314, 0.9116666211287181, 0.9186666225592295, 0.9197499561309814], "acc": [0.5725, 0.6165, 0.629, 0.6411666666666667, 0.656, 0.6834166666666667, 0.7098333333333333, 0.73125, 0.7709166666666667, 0.798, 0.8234166666666667, 0.842, 0.86375, 0.8713333333333333, 0.8861666666666667, 0.8905, 0.90625, 0.9116666666666666, 0.9186666666666666, 0.91975], "val_precision_m": [0.503125, 0.503125, 0.493125, 0.508125, 0.4925, 0.499375, 0.504375, 0.5075, 0.48875, 0.5, 0.546875, 0.498125, 0.4975, 0.501875, 0.505, 0.501875, 0.50375, 0.488125, 0.50125, 0.505], "val_acc": [0.503125, 0.503125, 0.493125, 0.508125, 0.4925, 0.499375, 0.504375, 0.5075, 0.48875, 0.5, 0.546875, 0.498125, 0.4975, 0.501875, 0.505, 0.501875, 0.50375, 0.488125, 0.50125, 0.505], "val_f1_m": [0.5031249403953553, 0.5031249403953553, 0.4931249403953552, 0.5081249403953553, 0.4924999403953552, 0.49937494039535524, 0.5043749403953552, 0.5074999403953552, 0.48874994039535524, 0.4999999403953552, 0.5468749403953552, 0.4981249403953552, 0.4974999403953552, 0.5018749403953552, 0.5049999403953552, 0.5018749403953552, 0.5037499403953553, 0.4881249403953552, 0.5012499403953552, 0.5049999403953552], "val_recall_m": [0.503125, 0.503125, 0.493125, 0.508125, 0.4925, 0.499375, 0.504375, 0.5075, 0.48875, 0.5, 0.546875, 0.498125, 0.4975, 0.501875, 0.505, 0.501875, 0.50375, 0.488125, 0.50125, 0.505], "precision_m": [0.5725, 0.6165, 0.6290555555820465, 0.6411666666666667, 0.656, 0.6834166666666667, 0.7098333333333333, 0.73125, 0.7709166666666667, 0.798, 0.8234166666666667, 0.842, 0.86375, 0.8713333333333333, 0.8861666666666667, 0.8905, 0.90625, 0.9116666666666666, 0.9186666666666666, 0.91975], "recall_m": [0.5725, 0.6165, 0.629, 0.6411666666666667, 0.656, 0.6834166666666667, 0.7098333333333333, 0.73125, 0.7709166666666667, 0.798, 0.8234166666666667, 0.842, 0.86375, 0.8713333333333333, 0.8861666666666667, 0.8905, 0.90625, 0.9116666666666666, 0.9186666666666666, 0.91975]}