{"val_loss": [0.7550066536664963, 2.004403780400753, 3.577740955352783, 1.14846219622871, 0.8449193930625916, 0.5688284403085708, 0.5123248438115532, 2.46449849486351, 0.6399680340290069, 0.6710371878743172, 3.07150942406417, 0.40088374190032483, 0.4476456689089537, 0.3508625245725275, 1.6922380357980729, 0.575034800581634, 0.551192177273333, 1.2637336425666323, 1.222502694427967, 0.4674785536900163], "f1_m": [0.5992499403953552, 0.6339166072209677, 0.6465832738876343, 0.6748332738081614, 0.7022499405543009, 0.7160832737286885, 0.7449166076183319, 0.774999941666921, 0.8093332758744558, 0.8260832759539286, 0.8459166119098663, 0.8554166113535563, 0.874583280801773, 0.8822499476273855, 0.8974999524752298, 0.9046666185061137, 0.9107499550978343, 0.9246666251023611, 0.9263332908948263, 0.9363332947889964], "val_recall_m": [0.53125, 0.6025, 0.40875, 0.4001260239445495, 0.509375, 0.706875, 0.7567737870570918, 0.41, 0.698125, 0.690625, 0.41083805925003297, 0.820625, 0.799375, 0.8557025834908633, 0.498125, 0.774375, 0.786875, 0.5727788279773157, 0.619375, 0.839375], "val_precision_m": [0.53125, 0.6025, 0.40875, 0.4001260239445495, 0.509375, 0.706875, 0.7567737870570918, 0.41, 0.698125, 0.690625, 0.41083805925003297, 0.820625, 0.799375, 0.8557025834908633, 0.498125, 0.774375, 0.786875, 0.5727788279773157, 0.619375, 0.839375], "acc": [0.59925, 0.6339166666666667, 0.6465833333333333, 0.6748333333333333, 0.70225, 0.7160833333333333, 0.7449166666666667, 0.775, 0.8093333333333333, 0.8260833333333333, 0.8459166666666667, 0.8554166666666667, 0.8745833333333334, 0.88225, 0.8975, 0.9046666666666666, 0.91075, 0.9246666666666666, 0.9263333333333333, 0.9363333333333334], "val_f1_m": [0.5312499403953552, 0.6024999403953553, 0.4087499403953552, 0.40012596445257886, 0.5093749403953552, 0.7068749403953553, 0.756773729856163, 0.4099999403953552, 0.6981249403953552, 0.6906249403953553, 0.4108379997017253, 0.8206249439716339, 0.7993749439716339, 0.8557025276044666, 0.4981249403953552, 0.7743749421834946, 0.7868749421834945, 0.5727787684853451, 0.6193749403953552, 0.8393749427795411], "val_acc": [0.53125, 0.6025, 0.40875, 0.4001260239445495, 0.509375, 0.706875, 0.7567737870570918, 0.41, 0.698125, 0.690625, 0.41083805925003297, 0.820625, 0.799375, 0.8557025834908633, 0.498125, 0.774375, 0.786875, 0.5727788279773157, 0.619375, 0.839375], "precision_m": [0.59925, 0.6339166666666667, 0.6465833333333333, 0.6748333333333333, 0.70225, 0.7160833333333333, 0.7449166666666667, 0.775, 0.8093333333333333, 0.8260833333333333, 0.8459166666666667, 0.8554166666666667, 0.8745833333333334, 0.88225, 0.8975, 0.9046666666666666, 0.91075, 0.9246666666666666, 0.9263333333333333, 0.9363333333333334], "loss": [0.6872680098613103, 0.6505683681170146, 0.635620113492012, 0.6078798566659291, 0.5790351854165395, 0.5555766914288203, 0.5163909204999606, 0.4705574312210083, 0.42560634220639865, 0.39286762988567353, 0.35971075894435245, 0.33785527489582695, 0.3050021783411503, 0.2887388625840346, 0.25713888573646543, 0.24859461370607217, 0.22542345174898704, 0.19262748762841025, 0.19214201402912537, 0.17064602123945952], "recall_m": [0.59925, 0.6339166666666667, 0.6465833333333333, 0.6748333333333333, 0.70225, 0.7160833333333333, 0.7449166666666667, 0.775, 0.8093333333333333, 0.8260833333333333, 0.8459166666666667, 0.8554166666666667, 0.8745833333333334, 0.88225, 0.8975, 0.9046666666666666, 0.91075, 0.9246666666666666, 0.9263333333333333, 0.9363333333333334]}