{"val_loss": [4.566340346336364, 0.7318643936514855, 0.7275524932146072, 5.125830411911011, 1.6124444597959517, 1.538811737895012, 0.5765786817669869, 3.921767520904541, 1.8710632890462875, 2.421510797739029, 4.235008957386017, 4.429691119194031, 6.42733696937561, 4.141471140384674, 6.768455040454865, 5.067131862640381, 3.6758365774154664, 4.97598424911499, 4.207332479953766, 3.7747981107234954], "val_precision_m": [0.510625, 0.559375, 0.50375, 0.4975, 0.496875, 0.50375, 0.718125, 0.488125, 0.510625, 0.49875, 0.49125, 0.516875, 0.495, 0.505, 0.491875, 0.500625, 0.505625, 0.48875, 0.496875, 0.508125], "val_acc": [0.510625, 0.559375, 0.50375, 0.4975, 0.496875, 0.50375, 0.718125, 0.488125, 0.510625, 0.49875, 0.49125, 0.516875, 0.495, 0.505, 0.491875, 0.500625, 0.505625, 0.48875, 0.496875, 0.508125], "val_f1_m": [0.5106249403953552, 0.5593749403953552, 0.5037499403953553, 0.4974999403953552, 0.49687494039535524, 0.5037499405443668, 0.7181249409914017, 0.4881249403953552, 0.5106249403953552, 0.49874994039535525, 0.49124994039535524, 0.5168749403953552, 0.4949999403953552, 0.5049999403953552, 0.49187494039535523, 0.5006249403953552, 0.5056249403953552, 0.48874994039535524, 0.49687494039535524, 0.5081249403953553], "loss": [0.7124349574247996, 0.6562439725796382, 0.6421861308018366, 0.6305251061121623, 0.6134707711140315, 0.5949411842425665, 0.5610519304275513, 0.5193654898206393, 0.4738676960468292, 0.4353045979340871, 0.39172851808865866, 0.36765733268857004, 0.32096297438939414, 0.2950729056795438, 0.267109827786684, 0.2478918422535062, 0.2186535400748253, 0.19276921588058274, 0.1886267697699368, 0.1637959973178804], "recall_m": [0.555, 0.618, 0.63325, 0.6441666666666667, 0.6580833333333334, 0.6769166666666667, 0.7151666666666666, 0.7474166666666666, 0.7776666666666666, 0.8033333333333333, 0.8286666666666667, 0.843, 0.864, 0.87775, 0.8911666666666667, 0.9011666666666667, 0.9121666666666667, 0.9250833333333334, 0.9271666666666667, 0.9355], "acc": [0.555, 0.618, 0.63325, 0.6441666666666667, 0.6580833333333334, 0.6769166666666667, 0.7151666666666666, 0.7474166666666666, 0.7776666666666666, 0.8033333333333333, 0.8286666666666667, 0.843, 0.864, 0.87775, 0.8911666666666667, 0.9011666666666667, 0.9121666666666667, 0.9250833333333334, 0.9271666666666667, 0.9355], "f1_m": [0.5549999403953553, 0.6179999403953552, 0.6332499404748281, 0.6441666071414948, 0.6580832739671071, 0.676916607062022, 0.7151666073799133, 0.7474166075388591, 0.777666608174642, 0.8033332752386729, 0.8286666096846262, 0.8429999442895254, 0.8639999469916025, 0.8777499471505483, 0.8911666168371837, 0.9011666191418966, 0.9121666208902994, 0.925083291610082, 0.927166625102361, 0.9354999601840973], "val_recall_m": [0.510625, 0.559375, 0.50375, 0.4975, 0.496875, 0.50375, 0.718125, 0.488125, 0.510625, 0.49875, 0.49125, 0.516875, 0.495, 0.505, 0.491875, 0.500625, 0.505625, 0.48875, 0.496875, 0.508125], "precision_m": [0.555, 0.618, 0.63325, 0.6441666666666667, 0.6580833333333334, 0.6769166666666667, 0.7151666666666666, 0.7474166666666666, 0.7776666666666666, 0.8033333333333333, 0.8286666666666667, 0.843, 0.864, 0.87775, 0.8911666666666667, 0.9011666666666667, 0.9121666666666667, 0.9250833333333334, 0.9271666666666667, 0.9355]}