{"val_acc": [0.413125, 0.609375, 0.39375, 0.594833018273472, 0.3925, 0.406875, 0.3982356648138656, 0.40125, 0.40125, 0.4025, 0.38815374921235035, 0.398125, 0.74625, 0.8015122873533727, 0.439375, 0.386875, 0.43125, 0.43415248897290487, 0.594375, 0.61875], "acc": [0.57475, 0.6169166666666667, 0.6234166666666666, 0.6243333333333333, 0.63575, 0.6555, 0.6544166666666666, 0.6888333333333333, 0.71425, 0.7418333333333333, 0.7795833333333333, 0.8063333333333333, 0.8378333333333333, 0.8648333333333333, 0.8726666666666667, 0.88875, 0.9069166666666667, 0.9134166666666667, 0.9250833333333334, 0.9330833333333334], "val_precision_m": [0.413125, 0.609375, 0.39375, 0.594833018273472, 0.3925, 0.406875, 0.3982356648138656, 0.40125, 0.40125, 0.4025, 0.38815374921235035, 0.398125, 0.74625, 0.8015122873533727, 0.439375, 0.386875, 0.43125, 0.43415248897290487, 0.594375, 0.61875], "val_recall_m": [0.413125, 0.609375, 0.39375, 0.594833018273472, 0.3925, 0.406875, 0.3982356648138656, 0.40125, 0.40125, 0.4025, 0.38815374921235035, 0.398125, 0.74625, 0.8015122873533727, 0.439375, 0.386875, 0.43125, 0.43415248897290487, 0.594375, 0.61875], "val_loss": [7.2036868715286255, 0.7185432294011116, 1.413631148338318, 0.7239484032633624, 2.1835738855600355, 0.896467598080635, 1.326719111403205, 2.5466848433017732, 2.0141366863250734, 5.806674869060516, 2.2387015163765254, 2.488074769973755, 0.5604250653088093, 0.4302120699624108, 0.7560035711526871, 1.8996954381465911, 1.199191586971283, 1.8925492374417763, 0.9071004793047905, 0.8783901777863502], "val_f1_m": [0.41312494039535524, 0.6093749403953552, 0.39374994054436685, 0.5948329587815013, 0.39249994039535524, 0.4068749403953552, 0.3982356052092208, 0.4012499403953552, 0.4012499403953552, 0.40249994039535525, 0.3881536897203798, 0.39812494039535523, 0.7462499403953552, 0.8015122284059939, 0.43937494039535524, 0.38687494039535525, 0.43124994039535525, 0.43415242948093424, 0.5943749403953552, 0.6187499403953552], "f1_m": [0.5747499403953552, 0.6169166070620219, 0.6234166071414947, 0.6243332737286885, 0.6357499406337738, 0.6554999404748281, 0.6544166071414947, 0.6888332739671071, 0.7142499405543009, 0.7418332738876343, 0.7795832750797271, 0.8063332753976186, 0.8378332773844401, 0.8648332800070445, 0.8726666146914164, 0.888749950170517, 0.9069166193803151, 0.9134166214466095, 0.9250832891464233, 0.9330832933584849], "precision_m": [0.57475, 0.6169166666666667, 0.6234166666666666, 0.6243333333333333, 0.63575, 0.6555, 0.6544166666666666, 0.6888333333333333, 0.71425, 0.7418333333333333, 0.7795833333333333, 0.8063333333333333, 0.8378333333333333, 0.8648333333333333, 0.8726666666666667, 0.88875, 0.9069166666666667, 0.9134166666666667, 0.9250833333333334, 0.9330833333333334], "loss": [0.7027009643316269, 0.6685483852227528, 0.6556128393809001, 0.6459333387613296, 0.6340705278714498, 0.6161900970935822, 0.6152486584583918, 0.5809523700873057, 0.5550983520348867, 0.5197493578394254, 0.46769344210624697, 0.42004919797182083, 0.36639668984214463, 0.32488065496087076, 0.2989095716625452, 0.2736317332635323, 0.23355279071380694, 0.2193686723286907, 0.1915765600229303, 0.17585964398706952], "recall_m": [0.57475, 0.6169166666666667, 0.6234166666666666, 0.6243333333333333, 0.63575, 0.6555, 0.6544166666666666, 0.6888333333333333, 0.71425, 0.7418333333333333, 0.7795833333333333, 0.8063333333333333, 0.8378333333333333, 0.8648333333333333, 0.8726666666666667, 0.88875, 0.9069166666666667, 0.9134166666666667, 0.9250833333333334, 0.9330833333333334]}