{"val_precision_m": [0.50625, 0.4925, 0.495, 0.50625, 0.5, 0.5, 0.4975, 0.485625, 0.52, 0.496875, 0.5025, 0.490625, 0.50375, 0.50125, 0.501875, 0.500625, 0.5, 0.49875, 0.4975, 0.503125], "val_recall_m": [0.50625, 0.4925, 0.495, 0.50625, 0.5, 0.5, 0.4975, 0.485625, 0.52, 0.496875, 0.5025, 0.490625, 0.50375, 0.50125, 0.501875, 0.500625, 0.5, 0.49875, 0.4975, 0.503125], "recall_m": [0.4974166666666667, 0.5026666666666667, 0.5008333333333334, 0.4989166666666667, 0.49875, 0.49883333333333335, 0.5056666666666667, 0.49675, 0.4989166666666667, 0.5001666666666666, 0.49916666666666665, 0.50175, 0.49883333333333335, 0.49966666666666665, 0.5010833333333333, 0.5004166666666666, 0.4969166666666667, 0.5049166666666667, 0.50125, 0.4969166666666667], "val_loss": [7.958309650421143, 8.179933466911315, 8.139638252258301, 7.958309655189514, 8.059047737121581, 8.05904769897461, 8.09934298992157, 8.29074534893036, 7.736685848236084, 8.10941680431366, 8.018752546310425, 8.210154900550842, 7.99860490322113, 8.038900127410889, 8.028826336860657, 8.048973941802979, 8.059047737121581, 8.079195351600648, 8.099343042373658, 8.008678703308105], "loss": [8.08952189207077, 8.01606616973877, 8.045616006851196, 8.076509031295776, 8.079195372899374, 8.077852197011312, 7.96771187655131, 8.111431568145752, 8.076509033203125, 8.056361405690511, 8.072479494253795, 8.030841069539388, 8.077852204640706, 8.064420447031656, 8.041586474736532, 8.052331885655722, 8.10874522082011, 7.979800457000732, 8.038900140126547, 8.108745215098063], "val_acc": [0.50625, 0.4925, 0.495, 0.50625, 0.5, 0.5, 0.4975, 0.485625, 0.52, 0.496875, 0.5025, 0.490625, 0.50375, 0.50125, 0.501875, 0.500625, 0.5, 0.49875, 0.4975, 0.503125], "precision_m": [0.4974166666666667, 0.5026666666666667, 0.5008333333333334, 0.4989166666666667, 0.49875, 0.49883333333333335, 0.5056666666666667, 0.49675, 0.4989166666666667, 0.5001666666666666, 0.49916666666666665, 0.50175, 0.49883333333333335, 0.49966666666666665, 0.5010833333333333, 0.5004166666666666, 0.4969166666666667, 0.5049166666666667, 0.50125, 0.4969166666666667], "val_f1_m": [0.5062499403953552, 0.4924999403953552, 0.4949999403953552, 0.5062499403953552, 0.4999999403953552, 0.4999999403953552, 0.49749994099140166, 0.4856249403953552, 0.5199999403953552, 0.49687494039535524, 0.5024999403953552, 0.4906249403953552, 0.5037499403953553, 0.5012499403953552, 0.5018749403953552, 0.5006249403953552, 0.49999994054436686, 0.49874994039535525, 0.4974999403953552, 0.5031249403953553], "f1_m": [0.4974166070620219, 0.5026666070620219, 0.5008332737286886, 0.4989166070620219, 0.49874994039535525, 0.4988332737286886, 0.5056666070620219, 0.49674994039535525, 0.4989166070620219, 0.5001666071812312, 0.49916660714149474, 0.5017499403953553, 0.4988332737286886, 0.4996666070620219, 0.5010832737485568, 0.5004166070620218, 0.4969166070620219, 0.5049166070818901, 0.5012499404152234, 0.4969166070620219], "acc": [0.4974166666666667, 0.5026666666666667, 0.5008333333333334, 0.4989166666666667, 0.49875, 0.49883333333333335, 0.5056666666666667, 0.49675, 0.4989166666666667, 0.5001666666666666, 0.49916666666666665, 0.50175, 0.49883333333333335, 0.49966666666666665, 0.5010833333333333, 0.5004166666666666, 0.4969166666666667, 0.5049166666666667, 0.50125, 0.4969166666666667]}