{"acc": [0.6029166666666667, 0.66925, 0.7378333333333333, 0.7990833333333334, 0.8324166666666667, 0.8579166666666667, 0.8756666666666667, 0.89275, 0.9094166666666667, 0.9218333333333333, 0.9285, 0.9374166666666667, 0.94725, 0.95275, 0.9575, 0.9585, 0.9641666666666666, 0.9701666666666666, 0.96625, 0.9704166666666667], "val_acc": [0.52375, 0.518125, 0.49375, 0.515, 0.496875, 0.5025, 0.489375, 0.4825, 0.49125, 0.500625, 0.50375, 0.49125, 0.49625, 0.49375, 0.505, 0.49875, 0.494375, 0.49875, 0.5025, 0.505625], "val_recall_m": [0.52375, 0.518125, 0.49375, 0.515, 0.496875, 0.5025, 0.489375, 0.4825, 0.49125, 0.500625, 0.50375, 0.49125, 0.49625, 0.49375, 0.505, 0.49875, 0.494375, 0.49875, 0.5025, 0.505625], "precision_m": [0.6029166666666667, 0.66925, 0.7378333333333333, 0.7990833333333334, 0.8324166666666667, 0.8579166666666667, 0.8756666666666667, 0.89275, 0.9094166666666667, 0.9218333333333333, 0.9285, 0.9374166666666667, 0.94725, 0.95275, 0.9575, 0.9585, 0.9641666666666666, 0.9701666666666666, 0.96625, 0.9704166666666667], "val_precision_m": [0.52375, 0.518125, 0.49375, 0.515, 0.496875, 0.5025, 0.489375, 0.4825, 0.49125, 0.500625, 0.50375, 0.49125, 0.49625, 0.49375, 0.505, 0.49875, 0.494375, 0.49875, 0.5025, 0.505625], "val_f1_m": [0.5237499403953553, 0.5181249403953552, 0.49374994039535525, 0.5149999403953552, 0.49687494039535524, 0.5024999403953552, 0.48937494039535523, 0.4824999403953552, 0.49124994039535524, 0.5006249403953552, 0.5037499403953553, 0.49124994039535524, 0.49624994039535525, 0.49374994039535525, 0.5049999403953552, 0.49874994039535525, 0.49437494039535523, 0.49874994039535525, 0.5024999403953552, 0.5056249403953552], "f1_m": [0.6029166070620219, 0.6692499404748281, 0.7378332743644714, 0.7990832758744558, 0.8324166110356649, 0.8579166129430135, 0.875666614373525, 0.8927499495347341, 0.9094166200955709, 0.9218332908153534, 0.928499958674113, 0.9374166280428569, 0.9472499653498332, 0.9527499678929647, 0.9574999698797861, 0.9584999713897705, 0.9641666399637858, 0.9701666444937388, 0.9662499753634135, 0.9704166441758474], "loss": [0.6809113739728928, 0.6120644704500834, 0.5314836261868476, 0.4368953026632468, 0.379680618862311, 0.33077926733593144, 0.29266890890399616, 0.26652972874542075, 0.23065188038845857, 0.2074613554129998, 0.18415369508663812, 0.1645763634108007, 0.14037380961142482, 0.12802971138991415, 0.11589845063692579, 0.11521326455194503, 0.09380528749898076, 0.08607978477391104, 0.09231775262734543, 0.0815856863889688], "recall_m": [0.6029166666666667, 0.66925, 0.7378333333333333, 0.7990833333333334, 0.8324166666666667, 0.8579166666666667, 0.8756666666666667, 0.89275, 0.9094166666666667, 0.9218333333333333, 0.9285, 0.9374166666666667, 0.94725, 0.95275, 0.9575, 0.9585, 0.9641666666666666, 0.9701666666666666, 0.96625, 0.9704166666666667], "val_loss": [0.9770717224478722, 5.435663847327232, 8.15978584766388, 7.817276301383973, 8.109416799545288, 8.018752512931824, 8.230302543640137, 8.341114439964294, 8.20008111000061, 8.04897391796112, 7.9986049175262455, 8.20008107662201, 8.119490618705749, 8.159785838127137, 7.9784572792053225, 8.079195394515992, 8.149712028503417, 8.079195399284362, 8.018752460479737, 7.96838348865509]}