{"recall_m": [0.68675, 0.7601900475267829, 0.7600233391879986, 0.7786113195213823, 0.7837792781578399, 0.7899474868866229, 0.8026173210118208, 0.814536967590132, 0.8223722597365679, 0.8387096774342597, 0.8487121780693526, 0.860631824632759, 0.8818037842992764, 0.8988080353521055, 0.9190630991081103, 0.9334000166758026, 0.9528215387229811, 0.962907393524982, 0.963074101858798, 0.9722430607751279], "val_acc": [0.605625, 0.595625, 0.6065162908762021, 0.595, 0.7055137843117678, 0.594375, 0.5852130325814536, 0.60625, 0.6065162908015096, 0.5975, 0.6015037593984962, 0.58875, 0.638125, 0.5914786968912397, 0.6525, 0.5895989974937343, 0.594375, 0.6127819548872181, 0.600625, 0.5914786967418546], "acc": [0.68675, 0.7601900475267829, 0.7600233391879986, 0.7786113195213823, 0.7837792781578399, 0.7899474868866229, 0.8026173210118208, 0.814536967590132, 0.8223722597365679, 0.8387096774342597, 0.8487121780693526, 0.860631824632759, 0.8818037842992764, 0.8988080353521055, 0.9190630991081103, 0.9334000166758026, 0.9528215387229811, 0.962907393524982, 0.963074101858798, 0.9722430607751279], "f1_m": [0.6867499407132467, 0.7601899887170654, 0.7600232806167593, 0.7786112607911576, 0.7837792201430497, 0.7899474288718327, 0.8026172629970306, 0.8145369099728056, 0.8223722021192414, 0.8387096207708461, 0.8487121233932573, 0.860631771626011, 0.881803733200354, 0.8988079862405014, 0.9190630557845709, 0.9333999785341958, 0.9528215070997783, 0.962907367625256, 0.9630740763416308, 0.972243040757864], "val_recall_m": [0.605625, 0.595625, 0.6065162908762021, 0.595, 0.7055137843117678, 0.594375, 0.5852130325814536, 0.60625, 0.6065162908015096, 0.5975, 0.6015037593984962, 0.58875, 0.638125, 0.5914786968912397, 0.6525, 0.5895989974937343, 0.594375, 0.6127819548872181, 0.600625, 0.5914786967418546], "precision_m": [0.68675, 0.7601900475267829, 0.7600233391879986, 0.7786113195213823, 0.7837792781578399, 0.7899474868866229, 0.8026173210118208, 0.814536967590132, 0.8223722597365679, 0.8387096774342597, 0.8487121780693526, 0.860631824632759, 0.8818037842992764, 0.8988080353521055, 0.9190630991081103, 0.9334000166758026, 0.9528215387229811, 0.962907393524982, 0.963074101858798, 0.9722430607751279], "loss": [0.6034092467625936, 0.4814912107593568, 0.47942020033184285, 0.4392668347592412, 0.43631766866800975, 0.410170159722861, 0.4021693258605679, 0.3815267611575383, 0.3617885636756189, 0.34245763868503376, 0.3259493915241957, 0.3034086490214999, 0.27133557546473624, 0.23298569363813218, 0.19277006555949489, 0.16513965159469549, 0.12281049469654645, 0.09805667903632946, 0.10085946716111788, 0.07186924328655998], "val_loss": [6.356573896408081, 6.101654036045074, 6.342207991090932, 6.511134464740753, 0.8826037306982771, 6.53790249824524, 6.685575944140441, 6.222027292251587, 6.342208009017141, 6.482202444076538, 6.4230004647620635, 6.61954638004303, 4.2181102454662325, 6.5425541108114675, 3.5208770017698408, 6.614882552832888, 6.502788634300232, 6.188573813378661, 6.437164373397827, 6.584585366691265], "val_f1_m": [0.6056249403953552, 0.5956249403953552, 0.6065162312715573, 0.5949999403953552, 0.705513724707123, 0.5943749403953552, 0.5852129729768089, 0.6062499403953552, 0.6065162314209425, 0.5974999403953553, 0.6015036997938514, 0.5887499403953552, 0.6381249403953553, 0.5914786372865949, 0.6524999409914016, 0.5895989378890896, 0.5943749403953552, 0.6127818952825733, 0.6006249403953552, 0.5914786371372098], "val_precision_m": [0.605625, 0.595625, 0.6065162908762021, 0.595, 0.7055137843117678, 0.594375, 0.5852130325814536, 0.60625, 0.6065162908015096, 0.5975, 0.6015037593984962, 0.58875, 0.638125, 0.5914786968912397, 0.6525, 0.5895989974937343, 0.594375, 0.6127819548872181, 0.600625, 0.5914786967418546]}