{"val_precision_m": [0.379375, 0.4225, 0.39786967418546365, 0.39625, 0.4022556391724369, 0.404375, 0.4085213033328379, 0.39875, 0.3884711780195547, 0.40375, 0.39661654127869095, 0.3925, 0.40625, 0.3934837091984904, 0.413125, 0.39035087719298245, 0.394375, 0.415413533909279, 0.396875, 0.3897243108516349], "loss": [0.6021732887824376, 0.525976009656362, 0.4846838371991376, 0.4659147010109291, 0.45495205855800813, 0.44425912353558633, 0.44088000667744043, 0.4217038422790658, 0.4210497785669829, 0.4029820438841139, 0.390481864436225, 0.3615693887208932, 0.3476879311467922, 0.3213330894805515, 0.3142637983306086, 0.2783403900242591, 0.2522056970142609, 0.2285908993541315, 0.21396701533347057, 0.17659733465319127], "f1_m": [0.6991666073004404, 0.7425189039563501, 0.7625239061605754, 0.7722763438825757, 0.7740267811690389, 0.7815286571198308, 0.7861964905064255, 0.7931982416644379, 0.7955321579254935, 0.8046177642846432, 0.8098690757217274, 0.8259564323942791, 0.8367091214308056, 0.856130644754836, 0.8553804574513958, 0.8791363984135238, 0.8886387763127115, 0.9023922171961957, 0.908893843422316, 0.9296490403277741], "val_loss": [4.297474582195282, 0.7165933132171631, 2.6780238229230533, 4.259315881729126, 3.047701040306187, 2.651815513372421, 4.608654181162517, 0.7724464225769043, 4.402364257583044, 2.337729160785675, 1.9524007300685222, 4.436116714477539, 1.2676579821109772, 2.985183644713017, 2.397147569656372, 5.214159387096128, 3.6895137155056, 3.2182881216656294, 4.740028965473175, 3.5393420275590173], "val_f1_m": [0.37937494039535524, 0.4224999403953552, 0.3978696145808189, 0.3962499403953552, 0.4022555797918697, 0.40437494054436685, 0.40852124395227074, 0.3987499403953552, 0.3884711187883726, 0.4037499403953552, 0.39661648189812376, 0.39249994039535524, 0.4062499403953552, 0.39348364996730834, 0.41312494039535524, 0.39035081833526303, 0.39437494054436684, 0.41541347452871186, 0.3968749411404133, 0.389724252068608], "precision_m": [0.6991666666666667, 0.7425189630840384, 0.762523964334351, 0.772276402453815, 0.7740268400582491, 0.7815287155320846, 0.7861965491571575, 0.7931982995997352, 0.7955322164172399, 0.8046178211219471, 0.8098691339749957, 0.8259564891371854, 0.8367091772992918, 0.8561306993514386, 0.8553805118095202, 0.8791364507843298, 0.8886388263782283, 0.9023922647328498, 0.908893890149138, 0.9296490789463373], "recall_m": [0.6991666666666667, 0.7425189630840384, 0.762523964334351, 0.772276402453815, 0.7740268400582491, 0.7815287155320846, 0.7861965491571575, 0.7931982995997352, 0.7955322164172399, 0.8046178211219471, 0.8098691339749957, 0.8259564891371854, 0.8367091772992918, 0.8561306993514386, 0.8553805118095202, 0.8791364507843298, 0.8886388263782283, 0.9023922647328498, 0.908893890149138, 0.9296490789463373], "val_recall_m": [0.379375, 0.4225, 0.39786967418546365, 0.39625, 0.4022556391724369, 0.404375, 0.4085213033328379, 0.39875, 0.3884711780195547, 0.40375, 0.39661654127869095, 0.3925, 0.40625, 0.3934837091984904, 0.413125, 0.39035087719298245, 0.394375, 0.415413533909279, 0.396875, 0.3897243108516349], "acc": [0.6991666666666667, 0.7425189630840384, 0.762523964334351, 0.772276402453815, 0.7740268400582491, 0.7815287155320846, 0.7861965491571575, 0.7931982995997352, 0.7955322164172399, 0.8046178211219471, 0.8098691339749957, 0.8259564891371854, 0.8367091772992918, 0.8561306993514386, 0.8553805118095202, 0.8791364507843298, 0.8886388263782283, 0.9023922647328498, 0.908893890149138, 0.9296490789463373], "val_acc": [0.379375, 0.4225, 0.39786967418546365, 0.39625, 0.4022556391724369, 0.404375, 0.4085213033328379, 0.39875, 0.3884711780195547, 0.40375, 0.39661654127869095, 0.3925, 0.40625, 0.3934837091984904, 0.413125, 0.39035087719298245, 0.394375, 0.415413533909279, 0.396875, 0.3897243108516349]}