{"val_precision_m": [0.656875, 0.764375, 0.6265664160401002, 0.68375, 0.7305764410280644, 0.59, 0.7243107767929708, 0.5925, 0.6090225565403625, 0.6, 0.6008771929824561, 0.609375, 0.593125, 0.5889724310776943, 0.755, 0.5908521301764295, 0.588125, 0.631578947368421, 0.404375, 0.6015037595478813], "loss": [0.6818713101943334, 0.5685944596389795, 0.5436406099489255, 0.5220621246600773, 0.5248990960669456, 0.5106547242369743, 0.507178919041287, 0.48931408972057333, 0.49258385062207777, 0.48291518838840636, 0.4580984073817218, 0.44445588417656173, 0.4125891856956633, 0.4064865089301478, 0.3877312300244381, 0.3776051139691437, 0.3430230240876688, 0.32934131887720813, 0.30145250777160065, 0.2665337451032731], "recall_m": [0.6655, 0.723764274421807, 0.7361006918495632, 0.743435858994551, 0.7499374843859976, 0.751771276162308, 0.7560223389279994, 0.7621071934749695, 0.7579394848761861, 0.7668583812818554, 0.77877802785023, 0.7788613820171381, 0.798699674923698, 0.8045344669649758, 0.8147870301156975, 0.8188713845326681, 0.8391264482886729, 0.8494623656063027, 0.862215553903377, 0.8858047845394023], "val_f1_m": [0.6568749403953552, 0.7643749409914017, 0.6265663564354554, 0.6837499403953552, 0.7305763822450375, 0.5899999403953552, 0.7243107177858663, 0.5924999403953553, 0.6090224969357177, 0.5999999403953552, 0.6008771333778113, 0.6093749403953552, 0.5931249403953552, 0.5889723714730495, 0.7549999409914017, 0.5908520705717847, 0.5881249403953552, 0.6315788877637762, 0.4043749403953552, 0.6015036999432365], "val_acc": [0.656875, 0.764375, 0.6265664160401002, 0.68375, 0.7305764410280644, 0.59, 0.7243107767929708, 0.5925, 0.6090225565403625, 0.6, 0.6008771929824561, 0.609375, 0.593125, 0.5889724310776943, 0.755, 0.5908521301764295, 0.588125, 0.631578947368421, 0.404375, 0.6015037595478813], "precision_m": [0.6655, 0.723764274421807, 0.7361006918495632, 0.743435858994551, 0.7499374843859976, 0.751771276162308, 0.7560223389279994, 0.7621071934749695, 0.7579394848761861, 0.7668583812818554, 0.77877802785023, 0.7788613820171381, 0.798699674923698, 0.8045344669649758, 0.8147870301156975, 0.8188713845326681, 0.8391264482886729, 0.8494623656063027, 0.862215553903377, 0.8858047845394023], "acc": [0.6655, 0.723764274421807, 0.7361006918495632, 0.743435858994551, 0.7499374843859976, 0.751771276162308, 0.7560223389279994, 0.7621071934749695, 0.7579394848761861, 0.7668583812818554, 0.77877802785023, 0.7788613820171381, 0.798699674923698, 0.8045344669649758, 0.8147870301156975, 0.8188713845326681, 0.8391264482886729, 0.8494623656063027, 0.862215553903377, 0.8858047845394023], "val_loss": [0.6598642021417618, 0.5090280038118362, 0.7508347395966226, 0.6787898167967796, 0.5374719394478285, 3.6174560129642486, 0.5184599207457444, 6.012083101272583, 6.301811757243068, 6.447238187789917, 3.4394187174345316, 6.296131038665772, 6.538655803203583, 6.624981600539129, 0.5337165732681751, 1.0030838564822548, 6.638640613555908, 5.938245692049949, 5.942374041080475, 6.423000458786661], "f1_m": [0.6654999403953552, 0.7237642151351331, 0.7361006325628893, 0.7434357999463553, 0.7499374256557729, 0.7517712172730978, 0.7560222798798037, 0.762107134665252, 0.7579394258279905, 0.7668583226311234, 0.7787779702329035, 0.7788613232869133, 0.7986996165909369, 0.8045344091091711, 0.8147869721804002, 0.8188713275512834, 0.8391263913867811, 0.8494623107712219, 0.8622155004196727, 0.8858047347123637], "val_recall_m": [0.656875, 0.764375, 0.6265664160401002, 0.68375, 0.7305764410280644, 0.59, 0.7243107767929708, 0.5925, 0.6090225565403625, 0.6, 0.6008771929824561, 0.609375, 0.593125, 0.5889724310776943, 0.755, 0.5908521301764295, 0.588125, 0.631578947368421, 0.404375, 0.6015037595478813]}