{"val_loss": [9.811890597343444, 9.620488238334655, 9.513312000379825, 9.660783472061157, 9.796085541708427, 9.620488185882568, 9.897076137083813, 9.439159669876098, 9.61430255392739, 9.7715953207016, 9.654698744752354, 9.509676342010499, 9.741373901367188, 9.796085589511652, 9.560045380592346, 9.594104444173942, 9.872333431243897, 9.47291574741067, 9.781669192314148, 9.644599707801838], "val_f1_m": [0.3912499403953552, 0.40312494039535524, 0.40977437663496585, 0.40062494039535523, 0.39223051698584305, 0.4031249405443668, 0.38596485267605696, 0.4143749403953552, 0.40350871262394994, 0.39374994084239007, 0.40100244755732983, 0.4099999403953552, 0.39562494039535523, 0.39223051698584305, 0.4068749403953552, 0.4047618454560301, 0.38749994039535524, 0.41228064229912625, 0.3931249403953552, 0.4016290133758296], "val_precision_m": [0.39125, 0.403125, 0.40977443601553304, 0.400625, 0.39223057636641023, 0.403125, 0.3859649121313167, 0.414375, 0.40350877196717083, 0.39375, 0.4010025063403567, 0.41, 0.395625, 0.39223057644110276, 0.406875, 0.4047619048365973, 0.3875, 0.4122807017917322, 0.393125, 0.40162907283108934], "val_recall_m": [0.39125, 0.403125, 0.40977443601553304, 0.400625, 0.39223057636641023, 0.403125, 0.3859649121313167, 0.414375, 0.40350877196717083, 0.39375, 0.4010025063403567, 0.41, 0.395625, 0.39223057644110276, 0.406875, 0.4047619048365973, 0.3875, 0.4122807017917322, 0.393125, 0.40162907283108934], "precision_m": [0.46116666666666667, 0.4607818621334418, 0.46194882056330944, 0.46286571644898045, 0.4589480703521631, 0.4599483204283416, 0.46378261234458806, 0.46028173713075166, 0.46044844544717867, 0.45944819538963133, 0.4655330499490221, 0.4601150287770625, 0.4639493206659834, 0.4578644661463389, 0.46336584146284926, 0.45836459115523936, 0.4611986330164227, 0.4661998833066435, 0.45686421607388666, 0.46369925815532276], "recall_m": [0.46116666666666667, 0.4607818621334418, 0.46194882056330944, 0.46286571644898045, 0.4589480703521631, 0.4599483204283416, 0.46378261234458806, 0.46028173713075166, 0.46044844544717867, 0.45944819538963133, 0.4655330499490221, 0.4601150287770625, 0.4639493206659834, 0.4578644661463389, 0.46336584146284926, 0.45836459115523936, 0.4611986330164227, 0.4661998833066435, 0.45686421607388666, 0.46369925815532276], "f1_m": [0.4611666070620219, 0.46078180258469037, 0.4619487609785378, 0.46286565684433567, 0.4589480108034117, 0.45994826082369683, 0.46378255277968966, 0.4602816775459801, 0.4604483858748278, 0.4594481359166464, 0.46553299034437734, 0.46011496917241773, 0.4639492610936325, 0.45786440654169414, 0.46336578195011796, 0.4583645316027617, 0.46119857341177795, 0.4661998237342927, 0.4568641564692419, 0.46369919858297187], "acc": [0.46116666666666667, 0.4607818621334418, 0.46194882056330944, 0.46286571644898045, 0.4589480703521631, 0.4599483204283416, 0.46378261234458806, 0.46028173713075166, 0.46044844544717867, 0.45944819538963133, 0.4655330499490221, 0.4601150287770625, 0.4639493206659834, 0.4578644661463389, 0.46336584146284926, 0.45836459115523936, 0.4611986330164227, 0.4661998833066435, 0.45686421607388666, 0.46369925815532276], "val_acc": [0.39125, 0.403125, 0.40977443601553304, 0.400625, 0.39223057636641023, 0.403125, 0.3859649121313167, 0.414375, 0.40350877196717083, 0.39375, 0.4010025063403567, 0.41, 0.395625, 0.39223057644110276, 0.406875, 0.4047619048365973, 0.3875, 0.4122807017917322, 0.393125, 0.40162907283108934], "loss": [8.669715734322866, 8.691169426363091, 8.672360293515634, 8.657581682015213, 8.720726660413424, 8.704604556801579, 8.642803056921533, 8.699230482928641, 8.696543474540002, 8.712665606590374, 8.61458933730021, 8.701917520053906, 8.640116028699456, 8.738192308880125, 8.64952062568814, 8.730131239834215, 8.684451875243871, 8.60384125044577, 8.754314430596441, 8.644146575841882]}