{"val_acc": [0.72375, 0.418125, 0.40914786959949295, 0.39375, 0.39536340855864954, 0.3875, 0.4091478696741855, 0.4, 0.4078947367674127, 0.4175, 0.700501252983447, 0.400625, 0.655, 0.4078947368607784, 0.62625, 0.6478696743348488, 0.4225, 0.3847117794859678, 0.610625, 0.6328320802005013], "val_loss": [0.5346554636955261, 1.2501150780916215, 1.6494571239428413, 0.7334102272987366, 1.098512127285912, 3.2964034271240235, 3.461633657154284, 3.2877671337127685, 3.210184028572905, 4.224410899877548, 0.7908861368222344, 7.111304054260254, 0.8625637918710709, 3.6001365405873846, 3.659607074558735, 1.7857585721147389, 1.836591547727585, 9.777355564566783, 5.1538009405136105, 1.151122830565412], "val_recall_m": [0.72375, 0.418125, 0.40914786959949295, 0.39375, 0.39536340855864954, 0.3875, 0.4091478696741855, 0.4, 0.4078947367674127, 0.4175, 0.700501252983447, 0.400625, 0.655, 0.4078947368607784, 0.62625, 0.6478696743348488, 0.4225, 0.3847117794859678, 0.610625, 0.6328320802005013], "acc": [0.69975, 0.7377677752771526, 0.768692173063134, 0.7757772776552306, 0.7883637576259414, 0.7920313411835304, 0.7976994248661506, 0.81462032175704, 0.831541218657866, 0.8429607401900145, 0.8660498458146552, 0.8770525964973588, 0.8958906393314666, 0.9129782445611403, 0.9252313078319251, 0.9414020171858642, 0.95423855963991, 0.9589897474368592, 0.9639076435775611, 0.9633241643793953], "f1_m": [0.6997499404748281, 0.7377677159755739, 0.7686921145713875, 0.7757772189572999, 0.7883636987367312, 0.7920312828507693, 0.7976993664538968, 0.8146202642192063, 0.8315411627893797, 0.84296068408305, 0.8660497915360236, 0.877052544365031, 0.8958905912532681, 0.9129781989323116, 0.9252312661926378, 0.9414019819059958, 0.9542385287967297, 0.9589897192964317, 0.963907617106481, 0.9633241380822055], "precision_m": [0.69975, 0.7377677752771526, 0.768692173063134, 0.7757772776552306, 0.7883637576259414, 0.7920313411835304, 0.7976994248661506, 0.81462032175704, 0.831541218657866, 0.8429607401900145, 0.8660498458146552, 0.8770525964973588, 0.8958906393314666, 0.9129782445611403, 0.9252313078319251, 0.9414020171858642, 0.95423855963991, 0.9589897474368592, 0.9639076435775611, 0.9633241643793953], "val_precision_m": [0.72375, 0.418125, 0.40914786959949295, 0.39375, 0.39536340855864954, 0.3875, 0.4091478696741855, 0.4, 0.4078947367674127, 0.4175, 0.700501252983447, 0.400625, 0.655, 0.4078947368607784, 0.62625, 0.6478696743348488, 0.4225, 0.3847117794859678, 0.610625, 0.6328320802005013], "loss": [0.6000675774812698, 0.5303934719539279, 0.47215148543997526, 0.4549850787313181, 0.4403833921048863, 0.43219165005286037, 0.4149528008466404, 0.39139917006097735, 0.35891568243399236, 0.34247918331226607, 0.30331115764091837, 0.27986003597984815, 0.23970283942639137, 0.21025069135695265, 0.1813441933286958, 0.1500318210453697, 0.11852963011430195, 0.1034097705420125, 0.10036773157255634, 0.09251535410039587], "recall_m": [0.69975, 0.7377677752771526, 0.768692173063134, 0.7757772776552306, 0.7883637576259414, 0.7920313411835304, 0.7976994248661506, 0.81462032175704, 0.831541218657866, 0.8429607401900145, 0.8660498458146552, 0.8770525964973588, 0.8958906393314666, 0.9129782445611403, 0.9252313078319251, 0.9414020171858642, 0.95423855963991, 0.9589897474368592, 0.9639076435775611, 0.9633241643793953], "val_f1_m": [0.7237499403953552, 0.41812494054436683, 0.40914781021892577, 0.39374994054436685, 0.39536334906604353, 0.38749994039535524, 0.4091478100695407, 0.39999994039535525, 0.40789467738684554, 0.4174999403953552, 0.7005011933788022, 0.40062494039535523, 0.6549999403953553, 0.407894677312153, 0.6262499403953552, 0.647869614730204, 0.4224999403953552, 0.3847117201427469, 0.6106249403953552, 0.6328320205958565]}