{"loss": [0.5792953022122383, 0.4618711703328616, 0.4385380029598852, 0.40088807538895743, 0.35939618384449584, 0.32015944800595897, 0.27825538059507915, 0.2342850707879392, 0.20814305970179317, 0.16526633945622177, 0.13802145710178487, 0.1030485065928108, 0.08887032598402698, 0.06863159616225491, 0.05270301597508011, 0.05139496919533352, 0.048990833916800654, 0.04404793346792413, 0.041892319639308714, 0.03574650339651956], "val_loss": [2.3101161909103394, 3.3935144782066344, 0.5141639551124477, 0.553223081678152, 1.7585077214061766, 1.2936364620178937, 2.5672701895983896, 2.912443281412125, 2.916295971786767, 0.9666684126853943, 0.7670140160355055, 0.6852514307200909, 1.8723561771120876, 6.960392489469141, 0.7390888931974768, 1.5316405325455773, 2.2347656144201755, 0.8312291288584993, 1.2099063178896905, 3.349857122975782], "val_recall_m": [0.606875, 0.596875, 0.7650375941343475, 0.70375, 0.4078947368607784, 0.700625, 0.4060150374445999, 0.641875, 0.4041353383832109, 0.565, 0.6278195490215656, 0.746875, 0.64625, 0.40350877192982454, 0.7775, 0.7330827066175322, 0.62625, 0.768170426065163, 0.77125, 0.6240601503759399], "acc": [0.7153333333333334, 0.76960906896371, 0.783029090625858, 0.8033675085587075, 0.821788780538402, 0.8517962824089026, 0.8762190547785959, 0.9010585979877973, 0.911894640336685, 0.934316912566442, 0.9487371843010424, 0.9595732266399933, 0.9664082687338501, 0.9757439359889643, 0.9805784779528215, 0.9802450612653163, 0.982078853046595, 0.9849128948903892, 0.9845794782078523, 0.9876635825623072], "val_acc": [0.606875, 0.596875, 0.7650375941343475, 0.70375, 0.4078947368607784, 0.700625, 0.4060150374445999, 0.641875, 0.4041353383832109, 0.565, 0.6278195490215656, 0.746875, 0.64625, 0.40350877192982454, 0.7775, 0.7330827066175322, 0.62625, 0.768170426065163, 0.77125, 0.6240601503759399], "val_f1_m": [0.6068749403953553, 0.5968749403953553, 0.765037535127243, 0.7037499403953552, 0.407894677312153, 0.7006249403953553, 0.4060149778399551, 0.6418749403953552, 0.40413527903999, 0.5649999403953552, 0.6278194894169208, 0.7468749403953552, 0.6462499409914017, 0.40350871232517976, 0.7774999421834946, 0.7330826470128874, 0.6262499403953552, 0.7681703670580584, 0.7712499403953552, 0.6240600907712951], "val_precision_m": [0.606875, 0.596875, 0.7650375941343475, 0.70375, 0.4078947368607784, 0.700625, 0.4060150374445999, 0.641875, 0.4041353383832109, 0.565, 0.6278195490215656, 0.746875, 0.64625, 0.40350877192982454, 0.7775, 0.7330827066175322, 0.62625, 0.768170426065163, 0.77125, 0.6240601503759399], "recall_m": [0.7153333333333334, 0.76960906896371, 0.783029090625858, 0.8033675085587075, 0.821788780538402, 0.8517962824089026, 0.8762190547785959, 0.9010585979877973, 0.911894640336685, 0.934316912566442, 0.9487371843010424, 0.9595732266399933, 0.9664082687338501, 0.9757439359889643, 0.9805784779528215, 0.9802450612653163, 0.982078853046595, 0.9849128948903892, 0.9845794782078523, 0.9876635825623072], "f1_m": [0.71533327404658, 0.7696090101539925, 0.7830290323725897, 0.8033674515773229, 0.8217887234775247, 0.8517962275738218, 0.8762190032027171, 0.9010585499890915, 0.9118945942458048, 0.934316873550415, 0.948737150452043, 0.9595731984200732, 0.9664082439321174, 0.9757439174025697, 0.9805784618952895, 0.9802450447308279, 0.9820788392943522, 0.984912882171552, 0.9845794651064563, 0.9876635720692665], "precision_m": [0.7153333333333334, 0.76960906896371, 0.783029090625858, 0.8033675085587075, 0.821788780538402, 0.8517962824089026, 0.8762190547785959, 0.9010585979877973, 0.911894640336685, 0.934316912566442, 0.9487371843010424, 0.9595732266399933, 0.9664082687338501, 0.9757439359889643, 0.9805784779528215, 0.9802450612653163, 0.982078853046595, 0.9849128948903892, 0.9845794782078523, 0.9876635825623072]}