{"val_f1_m": [0.6106249403953552, 0.3962499403953552, 0.5701753788424614, 0.6237499403953553, 0.4197994397397627, 0.38812494054436686, 0.40413527889060497, 0.38937494039535525, 0.39912274756228416, 0.4124999406933785, 0.4191728727261823, 0.4018749403953552, 0.41687494054436686, 0.5187969327271732, 0.5374999403953552, 0.510025003350767, 0.40249994054436683, 0.4937342763843393, 0.46062494039535523, 0.4649122212464947], "loss": [0.5652483431895574, 0.4983467357306915, 0.45714549962367534, 0.4435228192752586, 0.42053331477578265, 0.40847897663249205, 0.3837825121398249, 0.3521730736453225, 0.3244822758495326, 0.29257364901113564, 0.25851479753003553, 0.2328946113100775, 0.21346142616551786, 0.18992674498669532, 0.17570487667312024, 0.15502419550525473, 0.1362329290121995, 0.14162885862456726, 0.11067451932791623, 0.10902161520066694], "val_precision_m": [0.610625, 0.39625, 0.5701754384471062, 0.62375, 0.4197994987468672, 0.388125, 0.4041353383458647, 0.389375, 0.39912280694285135, 0.4125, 0.4191729323308271, 0.401875, 0.416875, 0.518796992331818, 0.5375, 0.5100250627313342, 0.4025, 0.49373433576490644, 0.460625, 0.46491228085113945], "val_recall_m": [0.610625, 0.39625, 0.5701754384471062, 0.62375, 0.4197994987468672, 0.388125, 0.4041353383458647, 0.389375, 0.39912280694285135, 0.4125, 0.4191729323308271, 0.401875, 0.416875, 0.518796992331818, 0.5375, 0.5100250627313342, 0.4025, 0.49373433576490644, 0.460625, 0.46491228085113945], "recall_m": [0.7178333333333333, 0.7489372343284503, 0.7753605068033016, 0.7776944236158381, 0.79136450780852, 0.7966158206267904, 0.8132866550070192, 0.8336250729498053, 0.8530465949870472, 0.8693006585128628, 0.8888055347269492, 0.9012253063265816, 0.9112278069517379, 0.9249812453162961, 0.9303159123114112, 0.93706760023836, 0.9443194131915983, 0.945069600738485, 0.9572393098274569, 0.9586563307543223], "val_acc": [0.610625, 0.39625, 0.5701754384471062, 0.62375, 0.4197994987468672, 0.388125, 0.4041353383458647, 0.389375, 0.39912280694285135, 0.4125, 0.4191729323308271, 0.401875, 0.416875, 0.518796992331818, 0.5375, 0.5100250627313342, 0.4025, 0.49373433576490644, 0.460625, 0.46491228085113945], "val_loss": [6.275983448028565, 9.73130006313324, 6.927953329301419, 1.7328865146636963, 9.351727074549013, 9.862259607315064, 7.676802994912131, 9.842112035751343, 2.1871404056262254, 4.081460939645767, 3.632488923562798, 9.637551217079162, 3.5270193207263945, 1.3476680621766208, 1.1741661456227304, 1.4819056091452003, 8.589001116752625, 2.8281955408273185, 3.0210078346729277, 1.705715415023622], "f1_m": [0.7178332741260529, 0.7489371755982256, 0.7753604487885115, 0.7776943650445988, 0.7913644493167734, 0.7966157629299713, 0.8132865971512145, 0.8336250162863916, 0.8530465407084155, 0.8693006043932165, 0.8888054840254905, 0.9012252584719564, 0.9112277606074747, 0.9249812032795454, 0.9303158719291029, 0.9370675620967531, 0.9443193788656425, 0.9450695650611528, 0.9572392801766675, 0.958656302549307], "acc": [0.7178333333333333, 0.7489372343284503, 0.7753605068033016, 0.7776944236158381, 0.79136450780852, 0.7966158206267904, 0.8132866550070192, 0.8336250729498053, 0.8530465949870472, 0.8693006585128628, 0.8888055347269492, 0.9012253063265816, 0.9112278069517379, 0.9249812453162961, 0.9303159123114112, 0.93706760023836, 0.9443194131915983, 0.945069600738485, 0.9572393098274569, 0.9586563307543223], "precision_m": [0.7178333333333333, 0.7489372343284503, 0.7753605068033016, 0.7776944236158381, 0.79136450780852, 0.7966158206267904, 0.8132866550070192, 0.8336250729498053, 0.8530465949870472, 0.8693006585128628, 0.8888055347269492, 0.9012253063265816, 0.9112278069517379, 0.9249812453162961, 0.9303159123114112, 0.93706760023836, 0.9443194131915983, 0.945069600738485, 0.9572393098274569, 0.9586563307543223]}