epoch;acc;f1_m;loss;precision_m;recall_m;val_acc;val_f1_m;val_loss;val_precision_m;val_recall_m
0;0.9249166666666667;0.9249166268507639;0.21564940359784912;0.9249166666666667;0.9249166666666667;0.514375;0.5143749403953553;7.827350106239319;0.514375;0.514375
1;0.9850796032341419;0.9850795914692174;0.04704360884140146;0.9850796032341419;0.9850796032341419;0.518125;0.5181249403953552;7.766907286643982;0.518125;0.518125
2;0.993665082937401;0.9936650776113879;0.021813377837653563;0.993665082937401;0.993665082937401;0.5012594458438288;0.501259386239184;8.038747883563678;0.5012594458438288;0.5012594458438288
3;0.9957489372343086;0.9957489336571356;0.0168904808291919;0.9957489372343086;0.9957489372343086;0.5125;0.5124999403953552;7.857571558952332;0.5125;0.5125
4;0.9915812286404935;0.9915812225990458;0.029303379096723037;0.9915812286404935;0.9915812286404935;0.5075;0.5074999403953552;7.93816201210022;0.5075;0.5075
5;0.9962490622655664;0.9962490590063643;0.012889309279548842;0.9962490622655664;0.9962490622655664;0.9760705289672544;0.9760705085485348;0.05746493681265928;0.9760705289672544;0.9760705289672544
6;0.9962490622655664;0.9962490591653498;0.011894968574443956;0.9962490622655664;0.9962490622655664;0.984375;0.984374989271164;0.04623883749295146;0.984375;0.984375
7;0.9971659581562057;0.9971659556124383;0.009595452162027698;0.9971659581562057;0.9971659581562057;0.8721662468513854;0.8721661952040357;0.39609648158740945;0.8721662468513854;0.8721662468513854
