epoch;acc;f1_m;loss;precision_m;recall_m;val_acc;val_f1_m;val_loss;val_precision_m;val_recall_m
0;0.8996666666666666;0.8996666227976481;0.2729625959126279;0.8996666666666666;0.8996666666666666;0.51625;0.5162499405443668;7.797128705978394;0.51625;0.51625
1;0.9589897474418275;0.9589897207471741;0.12538893872199255;0.9589897474418275;0.9589897474418275;0.536875;0.5368749403953552;7.464692988395691;0.536875;0.536875
2;0.9687421855563232;0.9687421647441321;0.09995824624956628;0.9687421855563232;0.9687421855563232;0.49307304785894207;0.4930729882542973;8.17069702724966;0.49307304785894207;0.49307304785894207
3;0.9894973743435859;0.9894973652814143;0.033738559130938074;0.9894973743435859;0.9894973743435859;0.509375;0.5093749403953552;7.907940664291382;0.509375;0.509375
4;0.9901642077185964;0.9901642000078013;0.030678167224971742;0.9901642077185964;0.9901642077185964;0.50625;0.5062499403953552;7.9583096694946285;0.50625;0.50625
5;0.9946653329999167;0.9946653284688308;0.016133916784244133;0.9946653329999167;0.9946653329999167;0.5151133501259446;0.5151132906714374;7.815449333010752;0.5151133501259446;0.5151133501259446
