epoch;acc;f1_m;loss;precision_m;recall_m;val_acc;val_f1_m;val_loss;val_precision_m;val_recall_m
0;0.5029166666666667;0.5029166071017583;7.99004827316602;0.5029166666666667;0.5029166666666667;0.518125;0.5181249403953552;7.766907286643982;0.518125;0.518125
1;0.5077102609010421;0.5077102013286913;7.93477303136972;0.5077102609010421;0.5077102609010421;0.508125;0.5081249403953553;7.928088240623474;0.508125;0.508125
2;0.5022088855621745;0.5022088259898236;8.023444744729197;0.5022088855621745;0.5022088855621745;0.506926952141058;0.5069268925364132;7.947398510027292;0.506926952141058;0.506926952141058
3;0.5047928648953082;0.5047928053229572;7.981795893099404;0.5047928648953082;0.5047928648953082;0.5075;0.5074999403953552;7.938162026405334;0.5075;0.5075
4;0.509710761053399;0.5097107014487542;7.902528784717631;0.509710761053399;0.509710761053399;0.516875;0.5168749403953552;7.787054896354675;0.516875;0.516875
5;0.5061265316577497;0.5061264720531049;7.960299730996465;0.5061265316577497;0.5061265316577497;0.5258186397984886;0.5258185801938439;7.642900433288113;0.5258186397984886;0.5258186397984886
6;0.5057931149478871;0.5057930553755363;7.965673772098522;0.5057931149478871;0.5057931149478871;0.51375;0.5137499403953553;7.837423949241638;0.51375;0.51375
7;0.5019588230589663;0.5019587634543216;8.02747525645761;0.5019588230589663;0.5019588230589663;0.49559193954659947;0.4955918799419547;8.130097295535302;0.49559193954659947;0.49559193954659947
