{"val_recall_m": [0.51, 0.51375, 0.5195214105793451, 0.493125, 0.519375, 0.5050377833753149, 0.5125, 0.533375314861461, 0.50125, 0.51, 0.5113350125944585, 0.51, 0.5226700251889169, 0.499375, 0.52625, 0.5232997481108312, 0.51, 0.4987405541561713, 0.505, 0.520625], "acc": [0.9321666666666667, 0.9755772276452117, 0.981245311327832, 0.9942485621405351, 0.9899141452029674, 0.9912478119529883, 0.9949153955155455, 0.9954155205468034, 0.9954155205468034, 0.9958322914111531, 0.9965824789530716, 0.9968325414687005, 0.9982495623905977, 0.9961666666666666, 0.998082854046845, 0.9978327915312162, 0.9979161457030924, 0.9974993748437109, 0.9996665833124948, 0.9984162707343502], "val_acc": [0.51, 0.51375, 0.5195214105793451, 0.493125, 0.519375, 0.5050377833753149, 0.5125, 0.533375314861461, 0.50125, 0.51, 0.5113350125944585, 0.51, 0.5226700251889169, 0.499375, 0.52625, 0.5232997481108312, 0.51, 0.4987405541561713, 0.505, 0.520625], "f1_m": [0.9321666314601899, 0.9755772108076572, 0.9812452984500092, 0.9942485569735074, 0.989914137571665, 0.9912478053550914, 0.9949153913819234, 0.9954155164131813, 0.9954155168106449, 0.9958322878488851, 0.9965824762503187, 0.9968325385274694, 0.9982495607212503, 0.9961666634082794, 0.9980828522185122, 0.9978327895438979, 0.9979161439542523, 0.9974993726974072, 0.9996665829945238, 0.998416269303481], "precision_m": [0.9321666666666667, 0.9755772276452117, 0.981245311327832, 0.9942485621405351, 0.9899141452029674, 0.9912478119529883, 0.9949153955155455, 0.9954155205468034, 0.9954155205468034, 0.9958322914111531, 0.9965824789530716, 0.9968325414687005, 0.9982495623905977, 0.9961666666666666, 0.998082854046845, 0.9978327915312162, 0.9979161457030924, 0.9974993748437109, 0.9996665833124948, 0.9984162707343502], "val_f1_m": [0.5099999403953552, 0.5137499403953553, 0.519521351124838, 0.4931249403953552, 0.5193749403953553, 0.5050377237706701, 0.5124999403953552, 0.5333752552568162, 0.5012499403953552, 0.5099999403953552, 0.5113349529898137, 0.5099999403953552, 0.5226699655842721, 0.49937494039535524, 0.5262499403953552, 0.5232996885061865, 0.5099999403953552, 0.4987404945515265, 0.5049999403953552, 0.5206249403953552], "loss": [0.18814008333471915, 0.07962123943860192, 0.06803036553244438, 0.02355419298881484, 0.03641753478565012, 0.03182793689201258, 0.021758437188966317, 0.018916270360383212, 0.018151809630439365, 0.012884806182353215, 0.012479494107525774, 0.011927951401186757, 0.005343705956765586, 0.012668234255060876, 0.006836533476108039, 0.00698922265913935, 0.00729570075655786, 0.006923021177774608, 0.0015487290950970875, 0.005006449108639076], "val_precision_m": [0.51, 0.51375, 0.5195214105793451, 0.493125, 0.519375, 0.5050377833753149, 0.5125, 0.533375314861461, 0.50125, 0.51, 0.5113350125944585, 0.51, 0.5226700251889169, 0.499375, 0.52625, 0.5232997481108312, 0.51, 0.4987405541561713, 0.505, 0.520625], "recall_m": [0.9321666666666667, 0.9755772276452117, 0.981245311327832, 0.9942485621405351, 0.9899141452029674, 0.9912478119529883, 0.9949153955155455, 0.9954155205468034, 0.9954155205468034, 0.9958322914111531, 0.9965824789530716, 0.9968325414687005, 0.9982495623905977, 0.9961666666666666, 0.998082854046845, 0.9978327915312162, 0.9979161457030924, 0.9974993748437109, 0.9996665833124948, 0.9984162707343502], "val_loss": [7.897866830825806, 7.837423958778381, 7.74439980341145, 8.169859671592713, 7.746759634017945, 7.977848307611961, 7.857571573257446, 7.52110124294944, 8.038900179862976, 7.897866787910462, 7.876348942293028, 7.8978667736053465, 7.693650147176209, 8.069121599197388, 7.635947751998901, 7.68350018422009, 7.897866811752319, 8.079347620082443, 4.926469070911407, 7.726612038612366]}