{"recall_m": [0.9289166666666666, 0.9698257897857469, 0.9885804784628832, 0.9935817287655248, 0.9949153955155455, 0.9944152704842877, 0.9968325414687005, 0.9979161457030924, 0.9943319163124115, 0.996415770609319, 0.9993331666249896, 1.0, 1.0, 0.9965, 0.9977494373593399, 0.9996665833124948, 0.998082854046845, 0.9984162707343502, 0.9994998749687422, 0.9997499374843711], "val_precision_m": [0.515, 0.4925, 0.5226700251889169, 0.51, 0.991875, 0.5151133501259446, 0.523125, 0.5113350125944585, 0.508125, 0.51875, 0.9993702770780857, 1.0, 0.5547858942065491, 0.508125, 0.52, 1.0, 0.525625, 0.5, 0.999375, 1.0], "val_f1_m": [0.5149999403953552, 0.4924999403953552, 0.5226699655842721, 0.5099999403953552, 0.9918749928474426, 0.5151132905212998, 0.5231249403953552, 0.5113349529898137, 0.5081249403953553, 0.5187499403953553, 0.9993702764775351, 1.0, 0.5547858346019043, 0.5081249403953553, 0.5199999403953552, 1.0, 0.5256249403953552, 0.49999994054549285, 0.9993749994039536, 1.0], "acc": [0.9289166666666666, 0.9698257897857469, 0.9885804784628832, 0.9935817287655248, 0.9949153955155455, 0.9944152704842877, 0.9968325414687005, 0.9979161457030924, 0.9943319163124115, 0.996415770609319, 0.9993331666249896, 1.0, 1.0, 0.9965, 0.9977494373593399, 0.9996665833124948, 0.998082854046845, 0.9984162707343502, 0.9994998749687422, 0.9997499374843711], "precision_m": [0.9289166666666666, 0.9698257897857469, 0.9885804784628832, 0.9935817287655248, 0.9949153955155455, 0.9944152704842877, 0.9968325414687005, 0.9979161457030924, 0.9943319163124115, 0.996415770609319, 0.9993331666249896, 1.0, 1.0, 0.9965, 0.9977494373593399, 0.9996665833124948, 0.998082854046845, 0.9984162707343502, 0.9994998749687422, 0.9997499374843711], "val_acc": [0.515, 0.4925, 0.5226700251889169, 0.51, 0.991875, 0.5151133501259446, 0.523125, 0.5113350125944585, 0.508125, 0.51875, 0.9993702770780857, 1.0, 0.5547858942065491, 0.508125, 0.52, 1.0, 0.525625, 0.5, 0.999375, 1.0], "loss": [0.2041285277058681, 0.09504288309625986, 0.037985128713484084, 0.019802099370263018, 0.017970024891000413, 0.02027716187180166, 0.010634504653066344, 0.007043441517929869, 0.01741291662320131, 0.010938234638876745, 0.0018626971778725031, 0.00018842510605552578, 7.591101383097701e-05, 0.010670179717048691, 0.00781823454182042, 0.0016779844187196755, 0.007402646617934064, 0.005832334200327978, 0.0012666505554307208, 0.0011491505392864027], "f1_m": [0.9289166284402212, 0.9698257703249321, 0.988580469574602, 0.9935817232010334, 0.9949153915409089, 0.9944152661916802, 0.9968325386864548, 0.9979161438747596, 0.9943319117813256, 0.9964157678270733, 0.9993331659890478, 1.0, 1.0, 0.9964999971389771, 0.9977494352925288, 0.9996665829945238, 0.9980828526159758, 0.9984162692239883, 0.9994998744917858, 0.9997499372458929], "val_loss": [7.81727635383606, 8.179933471679687, 7.693650079914544, 7.897866802215576, 0.027445428527207695, 5.667795332613159, 4.787870035171509, 7.876348937488623, 7.928088250160218, 7.756833477020264, 0.002319629271959679, 0.00019305171875117822, 1.6947780105869477, 7.928088245391845, 4.0890982830524445, 1.4756901865263031e-05, 7.64602153301239, 6.124880908418362, 0.003689856171590691, 6.0321212388885214e-05], "val_recall_m": [0.515, 0.4925, 0.5226700251889169, 0.51, 0.991875, 0.5151133501259446, 0.523125, 0.5113350125944585, 0.508125, 0.51875, 0.9993702770780857, 1.0, 0.5547858942065491, 0.508125, 0.52, 1.0, 0.525625, 0.5, 0.999375, 1.0]}