{"val_acc": [0.6825, 0.999375, 0.517632241813602, 0.70375, 1.0, 0.9987405541561712, 1.0, 0.9993702770780857, 1.0, 0.99875, 0.9987405541561712, 0.998125, 0.9993702770780857, 0.998125, 0.998125, 0.9981108312342569, 0.999375, 0.9993702770780857, 0.999375, 0.998125], "val_f1_m": [0.6824999403953552, 0.9993749994039536, 0.5176321822089572, 0.7037499409914016, 1.0, 0.9987405529550701, 1.0, 0.9993702764775351, 1.0, 0.9987499988079072, 0.9987405529550701, 0.9981249982118606, 0.9993702764775351, 0.9981249982118606, 0.9981249982118606, 0.9981108294326052, 0.9993749994039536, 0.9993702764775351, 0.9993749994039536, 0.9981249988079071], "recall_m": [0.9464166666666667, 0.9910811036092356, 0.9959989997499374, 0.9957489372343086, 0.997249312328082, 0.9975827290155872, 1.0, 0.9958322914061849, 0.9982495623905977, 0.9999166458281237, 0.9976660831874635, 0.9990831041093606, 0.9999166458281237, 1.0, 1.0, 1.0, 1.0, 1.0, 1.0, 1.0], "val_precision_m": [0.6825, 0.999375, 0.517632241813602, 0.70375, 1.0, 0.9987405541561712, 1.0, 0.9993702770780857, 1.0, 0.99875, 0.9987405541561712, 0.998125, 0.9993702770780857, 0.998125, 0.998125, 0.9981108312342569, 0.999375, 0.9993702770780857, 0.999375, 0.998125], "val_loss": [3.536870975494385, 0.0019163371303238818, 7.774849586582905, 1.54346034899354, 0.00041889545914273183, 0.005864748519524249, 0.00014743807843956347, 0.005034211575602807, 0.0002650554777483194, 0.007182519325656358, 0.00617098755417236, 0.013253223221045687, 0.0028138244471494983, 0.0030124921462584098, 0.008607578016166144, 0.007694658188685485, 0.0020649310247947026, 0.0015494725938880846, 0.005759380299694783, 0.0036658498375565784], "f1_m": [0.9464166391690572, 0.9910810971703243, 0.9959989964112427, 0.9957489336571356, 0.9972493098638073, 0.9975827268692834, 1.0, 0.9958322879085046, 0.9982495608802358, 0.9999166457486309, 0.997666080961667, 0.9990831032349407, 0.9999166457486309, 1.0, 1.0, 1.0, 1.0, 1.0, 1.0, 1.0], "val_recall_m": [0.6825, 0.999375, 0.517632241813602, 0.70375, 1.0, 0.9987405541561712, 1.0, 0.9993702770780857, 1.0, 0.99875, 0.9987405541561712, 0.998125, 0.9993702770780857, 0.998125, 0.998125, 0.9981108312342569, 0.999375, 0.9993702770780857, 0.999375, 0.998125], "precision_m": [0.9464166666666667, 0.9910811036092356, 0.9959989997499374, 0.9957489372343086, 0.997249312328082, 0.9975827290155872, 1.0, 0.9958322914061849, 0.9982495623905977, 0.9999166458281237, 0.9976660831874635, 0.9990831041093606, 0.9999166458281237, 1.0, 1.0, 1.0, 1.0, 1.0, 1.0, 1.0], "acc": [0.9464166666666667, 0.9910811036092356, 0.9959989997499374, 0.9957489372343086, 0.997249312328082, 0.9975827290155872, 1.0, 0.9958322914061849, 0.9982495623905977, 0.9999166458281237, 0.9976660831874635, 0.9990831041093606, 0.9999166458281237, 1.0, 1.0, 1.0, 1.0, 1.0, 1.0, 1.0], "loss": [0.15800104225127143, 0.02976954999801527, 0.017103815400300534, 0.015480934462721037, 0.013256879794049136, 0.008523789927020738, 8.000836800130632e-05, 0.014640324863384735, 0.006435959165025718, 0.00028430717233830956, 0.007866806728246295, 0.003827182791228361, 0.00022584782935294883, 9.736464956631608e-06, 3.842988455003634e-06, 2.6633629699030384e-06, 9.018579670861861e-07, 1.0958452237145593e-06, 4.812758858274744e-07, 6.093791606772862e-07]}