{"f1_m": [0.913583290497462, 0.9563223861938538, 0.9786613159620077, 0.9887471783108499, 0.9871634471969941, 0.9923314102452984, 0.9955822248364266, 0.9932483064340355, 0.9946653284688308, 0.9960823504241335, 0.9964991218399641, 0.9973326641151763, 0.9953321626387687, 0.9976666646798452, 0.998082852298005, 0.997499372458929, 0.9971659556323115, 0.9989997492220498, 0.9981662064698812, 0.9992498118966642], "val_recall_m": [0.495, 0.524375, 0.743073047858942, 0.515625, 0.488125, 0.4993702770780856, 0.546875, 0.993073047858942, 0.991875, 0.5025, 0.9974811083123426, 0.996875, 0.517632241813602, 0.96, 0.499375, 0.5264483627204031, 0.9625, 0.4987405541561713, 0.89375, 0.545], "val_precision_m": [0.495, 0.524375, 0.743073047858942, 0.515625, 0.488125, 0.4993702770780856, 0.546875, 0.993073047858942, 0.991875, 0.5025, 0.9974811083123426, 0.996875, 0.517632241813602, 0.96, 0.499375, 0.5264483627204031, 0.9625, 0.4987405541561713, 0.89375, 0.545], "precision_m": [0.9135833333333333, 0.9563224139368175, 0.9786613320046349, 0.9887471868016675, 0.9871634575310494, 0.9923314161923484, 0.9955822288905559, 0.9932483120780196, 0.9946653329999167, 0.9960823539218138, 0.9964991247811953, 0.9973326664999583, 0.995332166374927, 0.9976666666666667, 0.998082854046845, 0.9974993748437109, 0.997165958161174, 0.9989997499374844, 0.9981662082187214, 0.9992498124531133], "val_f1_m": [0.4949999403953552, 0.5243749403953553, 0.7430729896055361, 0.5156249403953552, 0.4881249403953552, 0.4993702176235785, 0.5468749403953552, 0.9930730412528858, 0.9918749928474426, 0.5024999403953552, 0.9974811059101403, 0.9968749970197678, 0.5176321822089572, 0.9599999713897706, 0.49937494039535524, 0.5264483031157583, 0.9624999743700028, 0.4987404945515265, 0.8937499469518662, 0.5449999403953553], "val_acc": [0.495, 0.524375, 0.743073047858942, 0.515625, 0.488125, 0.4993702770780856, 0.546875, 0.993073047858942, 0.991875, 0.5025, 0.9974811083123426, 0.996875, 0.517632241813602, 0.96, 0.499375, 0.5264483627204031, 0.9625, 0.4987405541561713, 0.89375, 0.545], "val_loss": [2.3001284795999526, 7.666169171333313, 0.4387388323956833, 1.9947314441204071, 3.6517148244380953, 7.039652461669307, 2.695788416862488, 0.04077698228152547, 0.023650266269105488, 8.018752498626709, 0.010719655962515463, 0.008723080795271017, 2.962968776147972, 0.1921893257766442, 6.987242333889007, 7.632750479940803, 0.15236289076507092, 8.032451692095933, 0.29085071524605155, 3.3579859924316406], "recall_m": [0.9135833333333333, 0.9563224139368175, 0.9786613320046349, 0.9887471868016675, 0.9871634575310494, 0.9923314161923484, 0.9955822288905559, 0.9932483120780196, 0.9946653329999167, 0.9960823539218138, 0.9964991247811953, 0.9973326664999583, 0.995332166374927, 0.9976666666666667, 0.998082854046845, 0.9974993748437109, 0.997165958161174, 0.9989997499374844, 0.9981662082187214, 0.9992498124531133], "acc": [0.9135833333333333, 0.9563224139368175, 0.9786613320046349, 0.9887471868016675, 0.9871634575310494, 0.9923314161923484, 0.9955822288905559, 0.9932483120780196, 0.9946653329999167, 0.9960823539218138, 0.9964991247811953, 0.9973326664999583, 0.995332166374927, 0.9976666666666667, 0.998082854046845, 0.9974993748437109, 0.997165958161174, 0.9989997499374844, 0.9981662082187214, 0.9992498124531133], "loss": [0.23637858859325447, 0.13080376923622078, 0.06282307304982386, 0.03821198499034986, 0.03661595332746045, 0.025130508798625977, 0.016147473713170296, 0.024550456244726838, 0.01666753643064291, 0.011445402916413478, 0.010978845291306246, 0.00900536842838151, 0.015573235671355197, 0.0061435191998013275, 0.00762902402157381, 0.0055257997699255, 0.01106906333546414, 0.0035506544227664667, 0.005548440640997448, 0.002090921488014299]}