{"recall_m": [0.5041666666666667, 0.4982912394864724, 0.5085438026198051, 0.5039593231939341, 0.5069600733814811, 0.5016254063590403, 0.5004584479701611, 0.4980411769807801, 0.5064599483502232, 0.5037092606559479, 0.5005418021246484, 0.5042093857095631, 0.5062098858172053, 0.504, 0.4998749687620587, 0.5033758439858317, 0.5052096357720787, 0.5025423022496797, 0.5013753438483798, 0.5075435525572896], "precision_m": [0.5041666666666667, 0.4982912394864724, 0.5085438026198051, 0.5039593231939341, 0.5069600733814811, 0.5016254063590403, 0.5004584479701611, 0.4980411769807801, 0.5064599483502232, 0.5037092606559479, 0.5005418021246484, 0.5042093857095631, 0.5062098858172053, 0.504, 0.4998749687620587, 0.5033758439858317, 0.5052096357720787, 0.5025423022496797, 0.5013753438483798, 0.5075435525572896], "val_f1_m": [0.49874994039535525, 0.5112499403953552, 0.518891628052786, 0.5224999403953552, 0.5093749403953552, 0.5056674466925845, 0.5143749403953553, 0.52959691772533, 0.5174999403953552, 0.5012499403953552, 0.4924432653323829, 0.5187499403953553, 0.5157430134432142, 0.45749994039535524, 0.4981249403953552, 0.5062971696144988, 0.5124999403953552, 0.5025188320830126, 0.5143749403953553, 0.5062499403953552], "acc": [0.5041666666666667, 0.4982912394864724, 0.5085438026198051, 0.5039593231939341, 0.5069600733814811, 0.5016254063590403, 0.5004584479701611, 0.4980411769807801, 0.5064599483502232, 0.5037092606559479, 0.5005418021246484, 0.5042093857095631, 0.5062098858172053, 0.504, 0.4998749687620587, 0.5033758439858317, 0.5052096357720787, 0.5025423022496797, 0.5013753438483798, 0.5075435525572896], "f1_m": [0.5041666070818901, 0.4982911799017008, 0.5085437430673275, 0.5039592635892893, 0.5069600137768363, 0.5016253467866895, 0.5004583883655164, 0.4980411173761353, 0.5064598887455785, 0.5037092011034703, 0.5005417426317903, 0.5042093261049183, 0.5062098262448544, 0.5039999403953552, 0.49987490915741395, 0.5033757843811869, 0.5052095761674339, 0.5025422426773288, 0.5013752842760288, 0.5075434929849386], "val_recall_m": [0.49875, 0.51125, 0.5188916876574308, 0.5225, 0.509375, 0.5056675062972292, 0.514375, 0.5295969773299748, 0.5175, 0.50125, 0.4924433249370277, 0.51875, 0.5157430730478589, 0.4575, 0.498125, 0.5062972292191436, 0.5125, 0.5025188916876574, 0.514375, 0.50625], "val_precision_m": [0.49875, 0.51125, 0.5188916876574308, 0.5225, 0.509375, 0.5056675062972292, 0.514375, 0.5295969773299748, 0.5175, 0.50125, 0.4924433249370277, 0.51875, 0.5157430730478589, 0.4575, 0.498125, 0.5062972292191436, 0.5125, 0.5025188916876574, 0.514375, 0.50625], "val_acc": [0.49875, 0.51125, 0.5188916876574308, 0.5225, 0.509375, 0.5056675062972292, 0.514375, 0.5295969773299748, 0.5175, 0.50125, 0.4924433249370277, 0.51875, 0.5157430730478589, 0.4575, 0.498125, 0.5062972292191436, 0.5125, 0.5025188916876574, 0.514375, 0.50625], "loss": [0.6975573875109354, 0.6932300609618989, 0.6931007406041256, 0.6931851943691661, 0.6931377658101134, 0.6931573035489065, 0.6932044196717091, 0.6932039503515824, 0.6931803762897846, 0.6931437269453109, 0.6932334031692652, 0.693180457471738, 0.6931418951247109, 0.6931247131029765, 0.6931832157751714, 0.6931964071917616, 0.6931785686449119, 0.6932056458421456, 0.6931725988201651, 0.6931055041564607], "val_loss": [0.6935135978460312, 0.6929988700151444, 0.6926293530752436, 0.6926410537958145, 0.6930142027139664, 0.6930830223434218, 0.6928911972045898, 0.6923993291422462, 0.6927928721904755, 0.6931724888086319, 0.6932256194746464, 0.6926409488916397, 0.6930920516213482, 0.6931696456670761, 0.6933668994903565, 0.693106282568098, 0.6928968507051468, 0.6931348768829999, 0.6927833890914917, 0.6930892407894135]}