{"val_mean_squared_error": [1.434275978088379, 0.1892881850004196, 471.83906634521486, 0.29841380286216734, 0.137031093865633, 25029.83653125, 8912.6464296875, 363.6499606933594, 4326.806353515625, 365.28851953125, 207.34488232421876, 608335.537, 58841.81265625, 44.005058624267576, 26.300704772949217, 1485.4472421875, 3154299.976, 4579731.324, 5738748.3, 6897647.712], "val_loss": [1.434275978088379, 0.1892881850004196, 471.83906634521486, 0.29841380286216734, 0.137031093865633, 25029.83653125, 8912.6464296875, 363.6499606933594, 4326.806353515625, 365.28851953125, 207.34488232421876, 608335.537, 58841.81265625, 44.005058624267576, 26.300704772949217, 1485.4472421875, 3154299.976, 4579731.324, 5738748.3, 6897647.712], "mean_squared_error": [514.2398154200554, 507.59217949047087, 855.7031056453704, 2958.1578658416747, 4180.676046598053, 9712.642404271412, 17384.82151279602, 26622.60706611328, 40445.25671484375, 123661.48297712764, 86040.81728251954, 570775.5492997193, 107887.31246154175, 491969.10440646514, 974791.9909, 1664413.0518, 2832100.2132, 3995734.2836, 5157803.0312, 6317951.9512], "loss": [514.2398154200554, 507.59217949047087, 855.7031056453704, 2958.1578658416747, 4180.676046598053, 9712.642404271412, 17384.82151279602, 26622.60706611328, 40445.25671484375, 123661.48297712764, 86040.81728251954, 570775.5492997193, 107887.31246154175, 491969.10440646514, 974791.9909, 1664413.0518, 2832100.2132, 3995734.2836, 5157803.0312, 6317951.9512]}