{"val_loss": [29977.1850703125, 5865168.462, 5031.337673828125, 16224.91121875, 1615385.469, 144950.2281875, 87.87528997802734, 17325.8793359375, 62457792.736, 158266884.224, 1085075362.304, 124939467.744, 36516526.32, 17680749.936, 108824241.968, 112436447.36, 59835781.76, 1483463290.88, 2142918153.216, 16646975.712], "loss": [3165.2290800733567, 15018.005370511628, 44706.5000015625, 84532.10824282227, 183425.2997589386, 257119.89288355713, 603959.1832271485, 647890.260136206, 6599578.647647071, 16958793632.9622, 24006189.88325, 203283056.05155, 179494323.0011125, 45524586.184975, 61690264.73325, 46313345.639, 128268839.2532, 135693440.8925, 954277847.7494, 354833782.90405], "mean_squared_error": [3165.2290800733567, 15018.005370511628, 44706.5000015625, 84532.10824282227, 183425.2997589386, 257119.89288355713, 603959.1832271485, 647890.260136206, 6599578.647647071, 16958793632.9622, 24006189.88325, 203283056.05155, 179494323.0011125, 45524586.184975, 61690264.73325, 46313345.639, 128268839.2532, 135693440.8925, 954277847.7494, 354833782.90405], "val_mean_squared_error": [29977.1850703125, 5865168.462, 5031.337673828125, 16224.91121875, 1615385.469, 144950.2281875, 87.87528997802734, 17325.8793359375, 62457792.736, 158266884.224, 1085075362.304, 124939467.744, 36516526.32, 17680749.936, 108824241.968, 112436447.36, 59835781.76, 1483463290.88, 2142918153.216, 16646975.712]}