{"val_loss": [721.4278203125, 1.6829872722625732, 221628.700875, 14823.1039140625, 3958119.022, 11206626.424, 545681.47, 1592274.791, 227616.9235, 90513577.472, 122132.4564375, 31966517.2, 1955632.533, 45231.910625, 4054.78825390625, 58294313.152, 10674462.184, 6415.8324609375, 127263480.768, 20745734.912], "val_mean_squared_error": [721.4278203125, 1.6829872722625732, 221628.700875, 14823.1039140625, 3958119.022, 11206626.424, 545681.47, 1592274.791, 227616.9235, 90513577.472, 122132.4564375, 31966517.2, 1955632.533, 45231.910625, 4054.78825390625, 58294313.152, 10674462.184, 6415.8324609375, 127263480.768, 20745734.912], "loss": [40138.50068163247, 89500.80479231688, 139706.68581067963, 270171.1266760254, 826017.1013345276, 1523610.5500375, 1963875.6567339026, 2755457.0830750642, 4332950.2456, 6088067.079473438, 11898643.574601075, 10022725.34615, 21751644.79822639, 22982679.649858203, 18674553.8196125, 34294834.00170183, 35055771.214822315, 54444237.862984374, 132604796.52253477, 34454707.766475], "mean_squared_error": [40138.50068163247, 89500.80479231688, 139706.68581067963, 270171.1266760254, 826017.1013345276, 1523610.5500375, 1963875.6567339026, 2755457.0830750642, 4332950.2456, 6088067.079473438, 11898643.574601075, 10022725.34615, 21751644.79822639, 22982679.649858203, 18674553.8196125, 34294834.00170183, 35055771.214822315, 54444237.862984374, 132604796.52253477, 34454707.766475]}