{"mean_squared_error": [870.2938902549744, 1754.9535130921363, 8064.624219953537, 17098.996395186634, 23176.089749773408, 33092.188974328616, 22707.02629428711, 29692.930082513143, 40344.61521948173, 61887.01648710937, 525795.0666644011, 879728.3386449276, 360406.43638935394, 248693.291321875, 436140.4833996094, 536522.83259375, 871060.6951972656, 646219.5321128296, 652640.9805973045, 691285.1061160156], "loss": [870.2938902549744, 1754.9535130921363, 8064.624219953537, 17098.996395186634, 23176.089749773408, 33092.188974328616, 22707.02629428711, 29692.930082513143, 40344.61521948173, 61887.01648710937, 525795.0666644011, 879728.3386449276, 360406.43638935394, 248693.291321875, 436140.4833996094, 536522.83259375, 871060.6951972656, 646219.5321128296, 652640.9805973045, 691285.1061160156], "val_mean_squared_error": [1.943312134742737, 1017043.5025, 227.127263671875, 12.613009170532226, 1586.199591796875, 468.3947197265625, 46.98041427612305, 2758.37214453125, 2025.311376953125, 354399.1935, 70.08892553710938, 8838.93098828125, 31538.238609375, 29723.51040625, 28012.863546875, 924314.988, 89170.43775, 1269942.085, 364345.33675, 229761.0705], "val_loss": [1.943312134742737, 1017043.5025, 227.127263671875, 12.613009170532226, 1586.199591796875, 468.3947197265625, 46.98041427612305, 2758.37214453125, 2025.311376953125, 354399.1935, 70.08892553710938, 8838.93098828125, 31538.238609375, 29723.51040625, 28012.863546875, 924314.988, 89170.43775, 1269942.085, 364345.33675, 229761.0705]}