{"mean_squared_error": [270.52489962836506, 414.3603818132043, 758.8706289192199, 1198.1851183432102, 3017.4492936480997, 6869.332644034338, 4727.670298066473, 8508.498693847656, 13915.055109344483, 56121.5806828125, 29546.499237841035, 25258.82077339935, 42784.97811445312, 33878.20426919937, 33812.05615806275, 58047.72818308105, 61348.45388027344, 64313.149573858645, 85748.08694140625, 130483.7177796875], "val_loss": [8.607023151397705, 0.8745904521942138, 0.255766133248806, 0.2785297601222992, 283.5654287109375, 24.67285259437561, 12945.255796875, 2.094000873565674, 1720.1761611328125, 92235.333125, 632.2419223632812, 42957.31953125, 48003.8273125, 4031.709091796875, 6898.39127734375, 14327.2777109375, 3021.821208984375, 5372.68222265625, 19042.0978125, 348155.92225], "val_mean_squared_error": [8.607023151397705, 0.8745904521942138, 0.255766133248806, 0.2785297601222992, 283.5654287109375, 24.67285259437561, 12945.255796875, 2.094000873565674, 1720.1761611328125, 92235.333125, 632.2419223632812, 42957.31953125, 48003.8273125, 4031.709091796875, 6898.39127734375, 14327.2777109375, 3021.821208984375, 5372.68222265625, 19042.0978125, 348155.92225], "loss": [270.52489962836506, 414.3603818132043, 758.8706289192199, 1198.1851183432102, 3017.4492936480997, 6869.332644034338, 4727.670298066473, 8508.498693847656, 13915.055109344483, 56121.5806828125, 29546.499237841035, 25258.82077339935, 42784.97811445312, 33878.20426919937, 33812.05615806275, 58047.72818308105, 61348.45388027344, 64313.149573858645, 85748.08694140625, 130483.7177796875]}