{"val_loss": [37418478063321.086, 344314162970.624, 89341870669.824, 18566077104.128, 15929060925.44, 4587565426.688, 1903109551.104, 3567216467.968, 449992975.104, 1807331759.104, 5562472210.432, 6955359240.192, 135705889013.76, 22171786592.256, 1.5300136213383934e+23, 3.829728115194258e+17, 854969253621661.8, 22581393766744.062, 227860012990.464, 128961432322.048], "val_mean_squared_error": [37418478063321.086, 344314162970.624, 89341870669.824, 18566077104.128, 15929060925.44, 4587565426.688, 1903109551.104, 3567216467.968, 449992975.104, 1807331759.104, 5562472210.432, 6955359240.192, 135705889013.76, 22171786592.256, 1.5300136213383934e+23, 3.829728115194258e+17, 854969253621661.8, 22581393766744.062, 227860012990.464, 128961432322.048], "mean_squared_error": [9459997734871.285, 684562838.272, 200772782.0224, 130777671.4848, 122247218.7228, 187796015.1208, 177463718.3821, 417210881.0584, 676255918.2944, 1216771751.3216, 1765923654.8608, 3288688491.1104, 25047447561.97245, 4250021770.3424, 22496621800288.832, 398670727.5472, 543123460.0184, 1229635237.2736, 1955442040.9344, 2635918753.3824], "loss": [9459997734871.285, 684562838.272, 200772782.0224, 130777671.4848, 122247218.7228, 187796015.1208, 177463718.3821, 417210881.0584, 676255918.2944, 1216771751.3216, 1765923654.8608, 3288688491.1104, 25047447561.97245, 4250021770.3424, 22496621800288.832, 398670727.5472, 543123460.0184, 1229635237.2736, 1955442040.9344, 2635918753.3824]}