{"val_mean_squared_error": [2.6801362380981444, 53.49044500732422, 215.54828491210938, 777.1131025390625, 3782.185923828125, 27216.924546875, 2191792.448, 5348211.404, 157.75022088623047, 1051518.949, 1274563.257, 253888.24075, 1473036.48, 744150.54, 1460497.834, 2075730.222, 2681894.49, 3153630.568, 818160.3875, 1712986.738], "loss": [1364.2669241330861, 1240.6957083802938, 1687.8685641433715, 3359.866197938919, 7078.0847294799805, 16152.370862120248, 347592.11490246886, 5009203.9256, 1238954.2780938472, 698619.0388232339, 994087.3919230164, 1450836.717, 1147187.3399, 1078653.6672482055, 1113281.6025, 1775831.7142, 2377899.922, 2864848.3936, 2906124.1531, 1125586.2108], "val_loss": [2.6801362380981444, 53.49044500732422, 215.54828491210938, 777.1131025390625, 3782.185923828125, 27216.924546875, 2191792.448, 5348211.404, 157.75022088623047, 1051518.949, 1274563.257, 253888.24075, 1473036.48, 744150.54, 1460497.834, 2075730.222, 2681894.49, 3153630.568, 818160.3875, 1712986.738], "mean_squared_error": [1364.2669241330861, 1240.6957083802938, 1687.8685641433715, 3359.866197938919, 7078.0847294799805, 16152.370862120248, 347592.11490246886, 5009203.9256, 1238954.2780938472, 698619.0388232339, 994087.3919230164, 1450836.717, 1147187.3399, 1078653.6672482055, 1113281.6025, 1775831.7142, 2377899.922, 2864848.3936, 2906124.1531, 1125586.2108]}