{"mean_squared_error": [123.78262196326256, 159.13958316681385, 643.1515097764016, 151455339622.5739, 13570241.4488, 1306335219658583.5, 104844960.82440557, 315295345.8432, 531010416.0256, 760704571.392, 1010409749.7088, 1287753998.5408, 1597071883.6736, 1961074782.0032, 2390414105.3952, 2930558234.624, 3622795784.6016, 4579995167.5392, 6119467827.2, 8849084339.8144], "val_mean_squared_error": [170896.32796875, 0.41584590178728104, 15315446349.824, 1047980.787, 142380478.464, 5517.323671875, 216884115.328, 422828946.432, 651458341.376, 891391740.928, 1144649470.976, 1462955893.76, 1775057783.808, 2181549029.376, 2643779962.88, 3251923611.648, 4026751848.448, 5257771565.056, 7086059745.28, 11218360107.008], "val_loss": [170896.32796875, 0.41584590178728104, 15315446349.824, 1047980.787, 142380478.464, 5517.323671875, 216884115.328, 422828946.432, 651458341.376, 891391740.928, 1144649470.976, 1462955893.76, 1775057783.808, 2181549029.376, 2643779962.88, 3251923611.648, 4026751848.448, 5257771565.056, 7086059745.28, 11218360107.008], "loss": [123.78262196326256, 159.13958316681385, 643.1515097764016, 151455339622.5739, 13570241.4488, 1306335219658583.5, 104844960.82440557, 315295345.8432, 531010416.0256, 760704571.392, 1010409749.7088, 1287753998.5408, 1597071883.6736, 1961074782.0032, 2390414105.3952, 2930558234.624, 3622795784.6016, 4579995167.5392, 6119467827.2, 8849084339.8144]}