{"val_mean_squared_error": [0.08395472759008407, 0.08396490377187729, 0.08427517747879028, 0.08450651130080224, 0.08395954421162605, 0.08461822670698166, 0.08408342584967614, 0.08401787558197975, 0.08403549632430077, 0.08492959144711494, 0.08418732342123986, 0.08431634891033173, 0.08419380968809127, 0.08397015514969826, 0.08411612528562545, 0.08404851946234702, 0.0840515910089016, 0.08404933923482895, 0.0839558345079422, 0.08395739176869392], "val_loss": [0.08395472759008407, 0.08396490377187729, 0.08427517747879028, 0.08450651130080224, 0.08395954421162605, 0.08461822670698166, 0.08408342584967614, 0.08401787558197975, 0.08403549632430077, 0.08492959144711494, 0.08418732342123986, 0.08431634891033173, 0.08419380968809127, 0.08397015514969826, 0.08411612528562545, 0.08404851946234702, 0.0840515910089016, 0.08404933923482895, 0.0839558345079422, 0.08395739176869392], "mean_squared_error": [0.15832940405011178, 0.08686583791673183, 0.08586137174963951, 0.08519191610217094, 0.08422489712238312, 0.08395240611433982, 0.08388492014110088, 0.08391355419158936, 0.08334910087287425, 0.08366949753165245, 0.0833246593028307, 0.08323465077877044, 0.08321976613402367, 0.08306973247528077, 0.08313801589310169, 0.08308673595786095, 0.08303791498541832, 0.08299513491392135, 0.08299561735987664, 0.08298825341463088], "loss": [0.15832940405011178, 0.08686583791673183, 0.08586137174963951, 0.08519191610217094, 0.08422489712238312, 0.08395240611433982, 0.08388492014110088, 0.08391355419158936, 0.08334910087287425, 0.08366949753165245, 0.0833246593028307, 0.08323465077877044, 0.08321976613402367, 0.08306973247528077, 0.08313801589310169, 0.08308673595786095, 0.08303791498541832, 0.08299513491392135, 0.08299561735987664, 0.08298825341463088]}