{"val_f1_m": [0.6506249403953552, 0.6852314794466403, 0.6699999403953553, 0.6683353596694478, 0.6768749403953552, 0.6424966106874325, 0.6737499403953552, 0.6608259738312198, 0.6631249403953552, 0.6677095776654602, 0.6762499403953552, 0.6789736577655854, 0.6593749403953553, 0.3535668990937282, 0.6637499403953552, 0.6789736580639817, 0.6631249403953552, 0.6864830439022097, 0.35160880758705665, 0.6856249403953553], "precision_m": [0.9968812542012566, 0.9994993324432577, 0.9970794392523364, 0.9986648865153538, 1.0, 0.9990821094793058, 0.9993324432576769, 0.9990821094793058, 0.9991655540720962, 1.0, 1.0, 1.0, 1.0, 0.9984145527369827, 1.0, 0.9998331108144193, 0.9999165554072096, 0.9999165554072096, 0.999582777036048, 1.0], "acc": [0.9968312208138759, 0.9994993324432577, 0.9970794392523364, 0.9986648865153538, 1.0, 0.9990821094793058, 0.9993324432576769, 0.9990821094793058, 0.9991655540720962, 1.0, 1.0, 1.0, 1.0, 0.9984145527369827, 1.0, 0.9998331108144193, 0.9999165554072096, 0.9999165554072096, 0.999582777036048, 1.0], "f1_m": [0.9964619247097425, 0.9994993320055734, 0.9970794375413887, 0.9986648855604062, 1.0, 0.9990821087233056, 0.9993324426210451, 0.9990821087630951, 0.9991655532763065, 1.0, 1.0, 1.0, 1.0, 0.9984145519809825, 1.0, 0.9998331106552613, 0.9999165553276307, 0.9999165553276307, 0.9995827766381532, 1.0], "val_precision_m": [0.650625, 0.6852315395734785, 0.67, 0.6683354192740926, 0.676875, 0.6429703799968071, 0.67375, 0.6608260325779753, 0.663125, 0.667709637195506, 0.67625, 0.6789737173702302, 0.659375, 0.35356695869837296, 0.66375, 0.678973717071834, 0.663125, 0.6864831040290479, 0.3521902383641994, 0.685625], "val_recall_m": [0.650625, 0.6852315395734785, 0.67, 0.6683354192740926, 0.676875, 0.6420525657444335, 0.67375, 0.6608260325779753, 0.663125, 0.667709637195506, 0.67625, 0.6789737173702302, 0.659375, 0.35356695869837296, 0.66375, 0.678973717071834, 0.663125, 0.6864831040290479, 0.35106382978723405, 0.685625], "recall_m": [0.9963308872581721, 0.9994993324432577, 0.9970794392523364, 0.9986648865153538, 1.0, 0.9990821094793058, 0.9993324432576769, 0.9990821094793058, 0.9991655540720962, 1.0, 1.0, 1.0, 1.0, 0.9984145527369827, 1.0, 0.9998331108144193, 0.9999165554072096, 0.9999165554072096, 0.999582777036048, 1.0], "val_loss": [5.58935348033905, 4.912810265943315, 5.247581306695938, 5.318770642573007, 5.147441356182099, 5.4055751746564695, 5.241957529783249, 5.44996798516361, 5.308390288352967, 5.325304032640411, 5.206219344139099, 5.1539596287867, 5.482349824905396, 9.422611153618117, 5.413817813396454, 5.174333695588034, 5.403779176473617, 5.053295299019175, 7.343354783756413, 5.044023333787918], "val_acc": [0.650625, 0.6852315395734785, 0.67, 0.6683354192740926, 0.676875, 0.6433041302000029, 0.67375, 0.6608260325779753, 0.663125, 0.667709637195506, 0.67625, 0.6789737173702302, 0.659375, 0.35356695869837296, 0.66375, 0.678973717071834, 0.663125, 0.6864831040290479, 0.35356695869837296, 0.685625], "loss": [0.009895316543779608, 0.0024428241171685285, 0.013615411805227403, 0.005205638519402275, 0.00010868622612815762, 0.004919257564819661, 0.001529686124686581, 0.002614825617684726, 0.0033444199187322656, 5.813623651953601e-05, 1.439152482775191e-05, 8.09779238718795e-06, 3.963818103648055e-05, 0.009648103655755172, 7.294166999364268e-05, 0.00029769442551998837, 9.617137401388613e-05, 0.00012985020425944926, 0.0020401637114308875, 1.2203321185368652e-05]}