{"val_f1_m": [0.5637499403953552, 0.9993749994039536, 0.9571788100811937, 0.5656249403953553, 0.9987405529550701, 0.9993749994039536, 0.5591938950553048, 0.9993749994039536, 0.9524999672174453, 0.9981108294326052, 0.9993749994039536, 0.9477329626491748, 0.9981249982118606, 1.0, 0.9981249982118606, 0.9993749994039536, 0.9389168393401716, 0.9993749994039536, 0.8136019567098065, 0.9993749994039536], "precision_m": [0.9472368092023006, 0.9904976244061016, 0.9933316662498958, 0.9963324164374427, 0.997249312328082, 0.9990831041093606, 0.995332166374927, 0.9987496874218554, 0.9989163957656081, 0.998082854046845, 0.9981662082187214, 0.9984162707343502, 0.9955822288905559, 0.9989997499374844, 0.9996665833124948, 0.9999166458281237, 0.9990831041093606, 0.9985829790781029, 0.9994998749687422, 0.9989997499374844], "f1_m": [0.9472367793925257, 0.9904976168542919, 0.9933316607648972, 0.9963324136551971, 0.9972493098638073, 0.9990831032349407, 0.9953321631952178, 0.9987496862294645, 0.9989163948116953, 0.9980828522185122, 0.9981662066288667, 0.998416269303481, 0.9955822261083104, 0.9989997489835716, 0.9996665829945238, 0.9999166457486309, 0.9990831033144334, 0.9985829778062192, 0.9994998744917858, 0.9989997491425571], "loss": [0.15025468664211988, 0.03041303547094752, 0.024524605653315372, 0.013499191610215275, 0.009923629447638197, 0.004668456663555544, 0.014685005311865782, 0.006102690702136606, 0.004858479675781117, 0.008637385884679239, 0.006928981021482535, 0.006189546713194088, 0.017049338503003116, 0.003934362538829342, 0.0013987152808129398, 0.0005780027334257237, 0.004643179676646789, 0.004912896342473541, 0.0015021797265235338, 0.0035886695422560986], "acc": [0.9472368092023006, 0.9904976244061016, 0.9933316662498958, 0.9963324164374427, 0.997249312328082, 0.9990831041093606, 0.995332166374927, 0.9987496874218554, 0.9989163957656081, 0.998082854046845, 0.9981662082187214, 0.9984162707343502, 0.9955822288905559, 0.9989997499374844, 0.9996665833124948, 0.9999166458281237, 0.9990831041093606, 0.9985829790781029, 0.9994998749687422, 0.9989997499374844], "val_loss": [7.031519136428833, 0.0016282527136354473, 0.14604368897844622, 7.0012977504730225, 0.004003049439451656, 0.003803074519603342, 7.104953919610089, 0.0016617720764224941, 0.15311370203649857, 0.01389024685032343, 0.003389591698685308, 0.23644086595076919, 0.008226286742311685, 6.0671847418566575e-05, 0.009428599282464346, 0.0028091385761467792, 0.1442247882429088, 0.0037419273685702593, 0.870097933961102, 0.0061094421848292765], "recall_m": [0.9472368092023006, 0.9904976244061016, 0.9933316662498958, 0.9963324164374427, 0.997249312328082, 0.9990831041093606, 0.995332166374927, 0.9987496874218554, 0.9989163957656081, 0.998082854046845, 0.9981662082187214, 0.9984162707343502, 0.9955822288905559, 0.9989997499374844, 0.9996665833124948, 0.9999166458281237, 0.9990831041093606, 0.9985829790781029, 0.9994998749687422, 0.9989997499374844], "val_acc": [0.56375, 0.999375, 0.9571788413098237, 0.565625, 0.9987405541561712, 0.999375, 0.5591939546599496, 0.999375, 0.9525, 0.9981108312342569, 0.999375, 0.9477329974811083, 0.998125, 1.0, 0.998125, 0.999375, 0.9389168765743073, 0.999375, 0.8136020151133502, 0.999375], "val_recall_m": [0.56375, 0.999375, 0.9571788413098237, 0.565625, 0.9987405541561712, 0.999375, 0.5591939546599496, 0.999375, 0.9525, 0.9981108312342569, 0.999375, 0.9477329974811083, 0.998125, 1.0, 0.998125, 0.999375, 0.9389168765743073, 0.999375, 0.8136020151133502, 0.999375], "val_precision_m": [0.56375, 0.999375, 0.9571788413098237, 0.565625, 0.9987405541561712, 0.999375, 0.5591939546599496, 0.999375, 0.9525, 0.9981108312342569, 0.999375, 0.9477329974811083, 0.998125, 1.0, 0.998125, 0.999375, 0.9389168765743073, 0.999375, 0.8136020151133502, 0.999375]}