{"loss": [8.383676894664765, 8.537217904408772, 8.408273164749145, 8.459313763936361, 8.370664265314739, 8.543933778127034, 8.460656959533692, 8.476775061925252, 8.421704890569051, 8.55467918586731, 8.427077599843344, 8.443195697784423, 8.463343310674032, 8.467372835795084, 8.388125520706177, 8.47005918820699, 8.453941083272298, 8.334398543675741, 8.537217917760213, 8.456627445220947], "val_f1_m": [0.4006249405443668, 0.3831249403953552, 0.4137499405443668, 0.40516692215944133, 0.39062494054436686, 0.4118749403953552, 0.3957151263182315, 0.39437494054436684, 0.40624994054436686, 0.3931249403953552, 0.40579704195730476, 0.4118749403953552, 0.39874994054436685, 0.3938247671875476, 0.39749994039535524, 0.39874994054436685, 0.4031249405443668, 0.40390668275150476, 0.39062494054436686, 0.39812494039535523], "precision_m": [0.47933333333333333, 0.4703333333333333, 0.47833333333333333, 0.4751666666666667, 0.4806666666666667, 0.46991666666666665, 0.47508333333333336, 0.47408333333333336, 0.4775, 0.46925, 0.4771666666666667, 0.4761666666666667, 0.47491666666666665, 0.4746666666666667, 0.4795833333333333, 0.4745, 0.4755, 0.48291666666666666, 0.4703333333333333, 0.47533333333333333], "recall_m": [0.47933333333333333, 0.4703333333333333, 0.47833333333333333, 0.4751666666666667, 0.4806666666666667, 0.46991666666666665, 0.47508333333333336, 0.47408333333333336, 0.4775, 0.46925, 0.4771666666666667, 0.4761666666666667, 0.47491666666666665, 0.4746666666666667, 0.4795833333333333, 0.4745, 0.4755, 0.48291666666666666, 0.4703333333333333, 0.47533333333333333], "val_acc": [0.400625, 0.383125, 0.41375, 0.4051669817640861, 0.390625, 0.411875, 0.3957151859228763, 0.394375, 0.40625, 0.393125, 0.4057971014492754, 0.411875, 0.39875, 0.3938248267358553, 0.3975, 0.39875, 0.403125, 0.40390674229981244, 0.390625, 0.398125], "val_precision_m": [0.400625, 0.383125, 0.41375, 0.4051669817640861, 0.390625, 0.411875, 0.3957151859228763, 0.394375, 0.40625, 0.393125, 0.4057971014492754, 0.411875, 0.39875, 0.3938248267358553, 0.3975, 0.39875, 0.403125, 0.40390674229981244, 0.390625, 0.398125], "val_recall_m": [0.400625, 0.383125, 0.41375, 0.4051669817640861, 0.390625, 0.411875, 0.3957151859228763, 0.394375, 0.40625, 0.393125, 0.4057971014492754, 0.411875, 0.39875, 0.3938248267358553, 0.3975, 0.39875, 0.403125, 0.40390674229981244, 0.390625, 0.398125], "f1_m": [0.47933327372868856, 0.47033327372868855, 0.47833327372868856, 0.4751666070620219, 0.48066660708189013, 0.4699166070818901, 0.4750832737286886, 0.4740832737286886, 0.4774999404152234, 0.4692499403953552, 0.4771666070818901, 0.4761666070620219, 0.4749166070620219, 0.4746666070818901, 0.4795832738081614, 0.4744999403953552, 0.47549994043509164, 0.4829166070620219, 0.47033327372868855, 0.4753332737485568], "acc": [0.47933333333333333, 0.4703333333333333, 0.47833333333333333, 0.4751666666666667, 0.4806666666666667, 0.46991666666666665, 0.47508333333333336, 0.47408333333333336, 0.4775, 0.46925, 0.4771666666666667, 0.4761666666666667, 0.47491666666666665, 0.4746666666666667, 0.4795833333333333, 0.4745, 0.4755, 0.48291666666666666, 0.4703333333333333, 0.47533333333333333], "val_loss": [9.660783400535584, 9.942850093841553, 9.449233436584473, 9.587575377348315, 9.821964383125305, 9.47945487499237, 9.739920329206306, 9.761521520614624, 9.570119161605835, 9.78166920185089, 9.577419057460274, 9.479454927444458, 9.691004934310913, 9.770389332738251, 9.711152510643005, 9.691004900932311, 9.620488271713256, 9.60788805588432, 9.821964387893678, 9.701078729629517]}