{"recall_m": [0.88725, 0.9774166666666667, 0.9854166666666667, 0.9905, 0.9855833333333334, 0.9925833333333334, 0.99075, 0.9933333333333333, 0.9934166666666666, 0.99325, 0.9946666666666667, 0.9959166666666667, 0.9950833333333333, 0.9990833333333333, 0.9950833333333333, 0.9966666666666667, 0.9960833333333333, 0.9975833333333334, 0.9971666666666666, 0.99625], "val_precision_m": [0.3229583342373371, 0.36625, 0.409375, 0.363125, 0.3525, 0.3727083334326744, 0.354375, 0.27625, 0.380625, 0.35875, 0.361875, 0.4409166669845581, 0.37, 0.8018452394008636, 0.3625, 0.354375, 0.35, 0.28875, 0.675, 0.363125], "val_loss": [6.406046116352082, 10.214843006134034, 6.395172431468963, 8.094038000106812, 10.436466779708862, 6.7684176313877105, 10.31305613040924, 7.080421180725097, 6.404966900348663, 10.335728721618652, 9.755515785217286, 5.124902589321136, 7.163215384483338, 1.1039386723795905, 8.815909564495087, 10.406245403289795, 10.476762065887451, 11.459470539093017, 4.408717159703374, 7.282031972408294], "loss": [0.25711115426011383, 0.06540427408784551, 0.043170287059629726, 0.028804797311147316, 0.04693175760603602, 0.02440052895620344, 0.028824405192167737, 0.022158358730506734, 0.020846342012067906, 0.023637366847732967, 0.017914049864950356, 0.011451631783008452, 0.016409566245419078, 0.003136155912985032, 0.018337803001111753, 0.010715704587837535, 0.014195057084580943, 0.007989726306155565, 0.009857738157314505, 0.012450345932057037], "f1_m": [0.8918939551711083, 0.9780833156903584, 0.9856908481915791, 0.9908118194739024, 0.9859032145341238, 0.992704294204712, 0.990903218905131, 0.9934892416000366, 0.9936559082667032, 0.9933682740529378, 0.994868274529775, 0.9960349426269531, 0.9950833288033804, 0.9990833324591318, 0.9951236511866252, 0.9967473087310791, 0.9960833298365275, 0.9975833311080933, 0.9971666645208994, 0.9962903191248575], "val_recall_m": [0.320625, 0.36625, 0.409375, 0.363125, 0.3525, 0.3725, 0.354375, 0.27625, 0.380625, 0.35875, 0.361875, 0.44, 0.37, 0.794375, 0.3625, 0.354375, 0.35, 0.28875, 0.675, 0.363125], "val_acc": [0.323125, 0.36625, 0.409375, 0.363125, 0.3525, 0.3725, 0.354375, 0.27625, 0.380625, 0.35875, 0.361875, 0.440625, 0.37, 0.798125, 0.3625, 0.354375, 0.35, 0.28875, 0.675, 0.363125], "val_f1_m": [0.3217539748549461, 0.3662499412894249, 0.40937494054436685, 0.3631249406933785, 0.3524999403953552, 0.37260074734687804, 0.3543749403953552, 0.27624994054436686, 0.3806249403953552, 0.3587499405443668, 0.36187494054436686, 0.44044348895549773, 0.36999994054436686, 0.7979757463932038, 0.36249994054436685, 0.35437494054436686, 0.3499999403953552, 0.2887499411404133, 0.6749999403953553, 0.3631249403953552], "acc": [0.8931666666666667, 0.97775, 0.9856666666666667, 0.9909166666666667, 0.9858333333333333, 0.99275, 0.9909166666666667, 0.9935833333333334, 0.9935833333333334, 0.9933333333333333, 0.9948333333333333, 0.9959166666666667, 0.9950833333333333, 0.9990833333333333, 0.9950833333333333, 0.9968333333333333, 0.9960833333333333, 0.9975833333333334, 0.9971666666666666, 0.99625], "precision_m": [0.8994827567736308, 0.9787944444815317, 0.9859833333492279, 0.9911444444656372, 0.9862444444497427, 0.9928333333333333, 0.9910666666825613, 0.9936555555661519, 0.9939111111164093, 0.9934944444497427, 0.9950833333333333, 0.9961611111164093, 0.9950833333333333, 0.9990833333333333, 0.9951666666666666, 0.9968333333333333, 0.9960833333333333, 0.9975833333333334, 0.9971666666666666, 0.9963333333333333]}