{"val_recall_m": [0.74, 0.935, 0.998125, 0.995625, 0.959375, 0.945625, 0.97875, 0.995625, 0.990625, 0.990625, 0.999375, 0.999375, 0.988125, 0.991875, 0.999375, 0.99875, 0.996875, 0.995625, 0.999375, 0.999375], "val_acc": [0.74, 0.93625, 0.998125, 0.995625, 0.959375, 0.945625, 0.980625, 0.995625, 0.990625, 0.990625, 0.999375, 0.999375, 0.988125, 0.991875, 0.999375, 0.99875, 0.996875, 0.995625, 0.999375, 0.999375], "precision_m": [0.9589951162735622, 0.9884888888994853, 0.99425, 0.9909944444497426, 0.9953333333333333, 0.99375, 0.9975, 0.99525, 0.9948333333333333, 0.9964111111164093, 0.9975, 0.99825, 0.9963333333333333, 0.9974166666666666, 0.9966666666666667, 0.99925, 0.99725, 0.9986666666666667, 0.9975833333333334, 0.9989166666666667], "val_precision_m": [0.7410000002384186, 0.9372500002384185, 0.998125, 0.995625, 0.96, 0.945625, 0.9805833333730698, 0.995625, 0.990625, 0.990625, 0.999375, 0.999375, 0.98875, 0.991875, 0.999375, 0.99875, 0.996875, 0.995625, 0.999375, 0.999375], "acc": [0.9571666666666667, 0.9880833333333333, 0.994, 0.99075, 0.99525, 0.99375, 0.9974166666666666, 0.9951666666666666, 0.99475, 0.9964166666666666, 0.9975, 0.99825, 0.9963333333333333, 0.9974166666666666, 0.9965833333333334, 0.99925, 0.9971666666666666, 0.9986666666666667, 0.9975833333333334, 0.9989166666666667], "val_loss": [2.7416536121815445, 0.21294457994996263, 0.007860177842867416, 0.0128785838440092, 0.22442165480031717, 0.15205816927016713, 0.07597645949936123, 0.011111468630215313, 0.06304178156565285, 0.029457647207555056, 0.0033749267079792845, 0.000983775240683542, 0.06680119662885886, 0.038685147435024304, 0.005739625259037098, 0.0036217768384312877, 0.008408007704065312, 0.021719776939770553, 0.0018088876951942723, 0.0011935386388756796], "recall_m": [0.9555833333333333, 0.98775, 0.99375, 0.9906666666666667, 0.99525, 0.9935833333333334, 0.9973333333333333, 0.9948333333333333, 0.99475, 0.99625, 0.9975, 0.99825, 0.99625, 0.9974166666666666, 0.9965833333333334, 0.99925, 0.9971666666666666, 0.9986666666666667, 0.9975833333333334, 0.9989166666666667], "val_f1_m": [0.7404838109016418, 0.9360886698961258, 0.9981249982118606, 0.9956249958276748, 0.9596773892641067, 0.9456249642372131, 0.9796370792388917, 0.9956249958276748, 0.9906249916553498, 0.9906249916553498, 0.9993749994039536, 0.9993749994039536, 0.9884274101257324, 0.9918749928474426, 0.9993749994039536, 0.9987499988079072, 0.9968749970197678, 0.9956249964237213, 0.9993749994039536, 0.9993749994039536], "f1_m": [0.9569840519825618, 0.988107516447703, 0.9939919298489889, 0.9908252611160279, 0.9952903185685475, 0.9936639725367228, 0.9974139758745829, 0.9950260428587595, 0.9947903179327647, 0.9963279535770416, 0.9974999976952871, 0.99824999833107, 0.9962903196016948, 0.997416664203008, 0.9966236528555552, 0.9992499993642171, 0.99720698650678, 0.998666665395101, 0.9975833311080933, 0.9989166657129923], "loss": [0.11473327772176709, 0.03723201032730382, 0.022134572052963146, 0.029127597956980632, 0.01716636255535377, 0.0186570447572163, 0.00980749713998341, 0.019092902322995996, 0.02009330299180624, 0.013837464716679808, 0.00771133105134489, 0.008389512402451903, 0.011726386096670656, 0.00777552255890447, 0.013834905293664785, 0.0036275484978937128, 0.009708794517460451, 0.004514355587057499, 0.009516284933514214, 0.005181794403963446]}