{"val_recall_m": [0.9375, 0.976875, 0.955, 0.97625, 0.8125, 0.995625, 0.4675, 0.74875, 0.995625, 0.288125, 0.9975, 0.506875, 0.99875, 0.808125, 0.23375, 0.435625, 0.421875, 0.554375, 0.1875, 0.165625], "val_acc": [0.93875, 0.976875, 0.95625, 0.9775, 0.815, 0.995625, 0.4675, 0.75375, 0.99625, 0.288125, 0.9975, 0.506875, 0.99875, 0.809375, 0.25375, 0.47375, 0.446875, 0.5575, 0.1875, 0.165625], "recall_m": [0.8905, 0.97225, 0.9865, 0.9898333333333333, 0.9914166666666666, 0.9936666666666667, 0.9930833333333333, 0.9945, 0.9929166666666667, 0.9976666666666667, 0.9955833333333334, 0.99425, 0.9985, 0.9975, 0.9934166666666666, 0.99825, 0.9998333333333334, 0.9981666666666666, 0.997, 1.0], "val_loss": [0.2031916520514642, 0.06286404885046068, 0.10854956558556296, 0.06737351485688123, 0.8086060087475926, 0.0082825918067374, 6.273422601222992, 0.5987782216072083, 0.01826911329422728, 7.056302831172943, 0.010975282585503692, 4.9424733126163485, 0.005211616801029777, 0.5906734829768538, 2.112417640686035, 1.404057104587555, 1.1567906284332274, 1.1794869980216027, 4.775000903606415, 4.73715939283371], "val_precision_m": [0.9411250001192093, 0.9774583333730698, 0.9568333333730697, 0.9774583333730698, 0.8191428583860397, 0.995625, 0.4675, 0.7582380968332291, 0.99625, 0.288125, 0.9975, 0.506875, 0.99875, 0.8107500004768372, 0.25011996887624266, 0.49552885368466376, 0.44639548555016517, 0.5622500026226044, 0.1875, 0.165625], "loss": [0.25678722265797355, 0.07346708119369577, 0.03962631642698155, 0.028342495100698823, 0.025784769610072544, 0.020365559788474152, 0.024069160003758347, 0.01816949852728673, 0.023159756414210884, 0.008160566069213018, 0.015067952085648357, 0.017303418973781542, 0.005081710747921079, 0.009009416237518508, 0.022154925012267693, 0.0058235948883038876, 0.0010623008837579845, 0.006150324629878241, 0.010344193285991385, 0.0005694180680509173], "precision_m": [0.9008555674950282, 0.9747277778784434, 0.987155555566152, 0.9907269841035207, 0.99225, 0.994155555566152, 0.99325, 0.9946666666666667, 0.9930777777830759, 0.9978333333333333, 0.9958333333333333, 0.9945, 0.9985833333333334, 0.9975, 0.9935, 0.99825, 0.9999166666666667, 0.9982444444497426, 0.9970777777830759, 1.0], "acc": [0.896, 0.9736666666666667, 0.9869166666666667, 0.9901666666666666, 0.9916666666666667, 0.99375, 0.99325, 0.9945833333333334, 0.9930833333333333, 0.99775, 0.9955833333333334, 0.9944166666666666, 0.9985, 0.9975, 0.9934166666666666, 0.99825, 0.9998333333333334, 0.99825, 0.997, 1.0], "val_f1_m": [0.9392539942264557, 0.9771572381258011, 0.9558870661258697, 0.9768346577882767, 0.8156988668441773, 0.9956249958276748, 0.46749994039535525, 0.7533010166883468, 0.995927414894104, 0.28812494114041326, 0.9974999976158142, 0.5068749403953552, 0.9987499988079072, 0.8093951028585434, 0.24144100867211818, 0.46251614645123484, 0.4333542455732822, 0.5581746730208397, 0.1874999436736107, 0.16562494680285453], "f1_m": [0.8952276794115702, 0.9734460357824961, 0.9868171928723654, 0.9902630738417307, 0.9918198842207591, 0.9939032204151154, 0.9931639722188313, 0.9945806403160096, 0.9929946178595225, 0.9977473095258077, 0.995704296986262, 0.9943709625403087, 0.9985403211116791, 0.9974999976952871, 0.9934569838047027, 0.9982499984105428, 0.9998736557165782, 0.9982042994499206, 0.9970376317501068, 1.0]}