{"val_f1_m": [0.9199999541044235, 0.9956249964237213, 0.9840524047613144, 0.9856249868869782, 0.9449999630451202, 0.9943749952316284, 0.9112297886610031, 0.9987499988079072, 0.37812494054436685, 0.9962499964237214, 0.9962499964237214, 0.9968749970197678, 0.9981249982118606, 0.9968749970197678, 0.9918749928474426, 0.9987499988079072, 0.9987499988079072, 0.9993749994039536, 0.994374994635582, 1.0], "recall_m": [0.8755, 0.9716666666666667, 0.9885833333333334, 0.99175, 0.9828333333333333, 0.9935833333333334, 0.9924166666666666, 0.9968333333333333, 0.9930833333333333, 0.9889166666666667, 0.99875, 0.9900833333333333, 0.9959166666666667, 0.9985833333333334, 0.9975, 0.9941666666666666, 0.99775, 0.99925, 0.9963333333333333, 0.998], "acc": [0.8814166666666666, 0.9725, 0.9885833333333334, 0.992, 0.983, 0.9936666666666667, 0.9925, 0.9968333333333333, 0.9934166666666666, 0.9889166666666667, 0.99875, 0.9903333333333333, 0.9959166666666667, 0.9985833333333334, 0.9975, 0.9941666666666666, 0.99775, 0.99925, 0.9963333333333333, 0.998], "loss": [0.3336764465954232, 0.08753287781125012, 0.03564944053466176, 0.026596101581542825, 0.05789669212044464, 0.02572599296396402, 0.025609018495080817, 0.012453288092844256, 0.02101892569004182, 0.04227680743219753, 0.004790646651575912, 0.03932540730580627, 0.013927055925465007, 0.005167815522895694, 0.008743503327558244, 0.02043065376186496, 0.008552935338307501, 0.0030556831022471444, 0.01614744851676363, 0.0074525043216633925], "val_precision_m": [0.92, 0.995625, 0.984375, 0.985625, 0.945, 0.994375, 0.911875, 0.99875, 0.378125, 0.99625, 0.99625, 0.996875, 0.998125, 0.996875, 0.991875, 0.99875, 0.99875, 0.999375, 0.994375, 1.0], "val_recall_m": [0.92, 0.995625, 0.98375, 0.985625, 0.945, 0.994375, 0.910625, 0.99875, 0.378125, 0.99625, 0.99625, 0.996875, 0.998125, 0.996875, 0.991875, 0.99875, 0.99875, 0.999375, 0.994375, 1.0], "val_loss": [0.3655041953572072, 0.01963638131602238, 0.06341268976292667, 0.05700620295488079, 0.33466922809260724, 0.02619851502254278, 0.5525919707863067, 0.004463762310024322, 10.023440594673156, 0.012052810685859186, 0.016280479758804204, 0.007858138914148185, 0.006065997305915119, 0.011916061062911466, 0.04338237954186198, 0.006729240188668512, 0.0031016890372006856, 0.003557423842944871, 0.02092770495306695, 0.001089694623633477], "precision_m": [0.8858551735083262, 0.9732000000476837, 0.988827777783076, 0.9920722222328187, 0.9834000000158946, 0.9939111111164093, 0.9926611111164093, 0.9968333333333333, 0.9934888888994853, 0.9890793650945028, 0.99875, 0.9904944444497427, 0.996, 0.9985833333333334, 0.9975, 0.9943333333333333, 0.9978333333333333, 0.9993333333333333, 0.9963333333333333, 0.998], "f1_m": [0.8801758593916893, 0.9724085819721222, 0.9887016034126281, 0.9919059069156647, 0.9831075139045715, 0.9937419300874074, 0.9925349398454031, 0.9968333303133646, 0.9932795643011729, 0.9889935398896536, 0.9987499988079072, 0.9902822507222494, 0.9959569857120514, 0.9985833320617675, 0.9974999976158142, 0.9942473062674204, 0.9977903205553691, 0.9992903218269348, 0.9963333303133647, 0.9979999980926514], "val_acc": [0.92, 0.995625, 0.98375, 0.985625, 0.945, 0.994375, 0.91125, 0.99875, 0.378125, 0.99625, 0.99625, 0.996875, 0.998125, 0.996875, 0.991875, 0.99875, 0.99875, 0.999375, 0.994375, 1.0]}