{"val_f1_m": [0.48487897336483, 0.28874994099140167, 0.5424999403953552, 0.36124994039535524, 0.8579596197605133, 0.35124994039535523, 0.9746370750665665, 0.32399725541472435, 0.2737499417364597, 0.31249994069337844, 0.7729031658172607, 0.962822550535202, 0.2824999412894249, 0.9570564150810241, 0.989677409529686, 0.7157862305641174, 0.9981249982118606, 1.0, 0.8043749421834946, 0.7098951017856598], "val_loss": [2.4892796486616136, 7.449232592582702, 4.013397945165634, 7.126167283058167, 0.49631476055830714, 10.456614446640014, 0.0880469929004903, 5.098223013877869, 11.55235957145691, 7.646713831424713, 0.8848013415932655, 0.1209446912544081, 11.564733448028564, 0.14630702524635125, 0.04050104546110333, 2.8680416944622995, 0.004034114149189918, 3.5033710464347226e-05, 3.068402599608526, 2.6204443112760782], "f1_m": [0.9441133920749029, 0.988142282406489, 0.991368271748225, 0.9946102098623911, 0.9944542960325877, 0.9952419312000275, 0.9944973067442576, 0.996749997138977, 0.9953709636529287, 0.9981236540476481, 0.9974166643619538, 0.9979973098436992, 0.9961666632493337, 0.9993736553192138, 0.9967876312732696, 0.9988333322207132, 0.9972473091284434, 0.9994999995231628, 0.9999166665871938, 0.9957903190453847], "acc": [0.9445833333333333, 0.9880833333333333, 0.99125, 0.9945833333333334, 0.9945, 0.9951666666666666, 0.9945, 0.99675, 0.9954166666666666, 0.9980833333333333, 0.9974166666666666, 0.998, 0.9961666666666666, 0.9993333333333333, 0.9966666666666667, 0.9988333333333334, 0.9971666666666666, 0.9995, 0.9999166666666667, 0.9958333333333333], "val_acc": [0.484375, 0.28875, 0.5425, 0.36125, 0.854375, 0.35125, 0.975, 0.323125, 0.27375, 0.3125, 0.77375, 0.96375, 0.2825, 0.9575, 0.989375, 0.715625, 0.998125, 1.0, 0.804375, 0.710625], "recall_m": [0.9414166666666667, 0.9875833333333334, 0.99125, 0.9944166666666666, 0.9943333333333333, 0.9951666666666666, 0.9944166666666666, 0.99675, 0.99525, 0.9980833333333333, 0.9974166666666666, 0.9979166666666667, 0.9961666666666666, 0.9993333333333333, 0.9966666666666667, 0.9988333333333334, 0.9971666666666666, 0.9995, 0.9999166666666667, 0.99575], "val_precision_m": [0.4854166668653488, 0.28875, 0.5425, 0.36125, 0.8652023822069168, 0.35125, 0.9755833333730698, 0.32627381175756454, 0.27375, 0.3125, 0.7740000003576278, 0.9671666669845581, 0.2825, 0.9599166667461395, 0.99, 0.7159583336114883, 0.998125, 1.0, 0.804375, 0.7124880963563919], "precision_m": [0.9474450162251791, 0.9887444444497426, 0.9914944444497427, 0.9948166666825612, 0.9945833333333334, 0.9953222222328186, 0.9945833333333334, 0.99675, 0.9955, 0.9981666666666666, 0.9974166666666666, 0.9980833333333333, 0.9961666666666666, 0.9994166666666666, 0.9969166666666667, 0.9988333333333334, 0.9973333333333333, 0.9995, 0.9999166666666667, 0.9958333333333333], "loss": [0.14253977125044912, 0.03730130138149252, 0.030122894219040366, 0.016699486037963653, 0.01749004131212617, 0.016046183039431828, 0.016356270729800598, 0.012739916020291578, 0.015015936267994676, 0.007608996155374674, 0.007641723704512515, 0.008440174625058566, 0.011815569834415934, 0.002131728750650192, 0.00869823497674103, 0.004449560865572721, 0.008319446420111187, 0.001589132566295594, 0.00032037097663669556, 0.017271677482087248], "val_recall_m": [0.484375, 0.28875, 0.5425, 0.36125, 0.85125, 0.35125, 0.97375, 0.321875, 0.27375, 0.3125, 0.771875, 0.95875, 0.2825, 0.954375, 0.989375, 0.715625, 0.998125, 1.0, 0.804375, 0.7075]}