{"val_precision_m": [0.350625, 0.37625, 0.34875, 0.3425, 0.341875, 0.374375, 0.365625, 0.34375, 0.3625, 0.36625, 0.35125, 0.364375, 0.355625, 0.35625, 0.346875, 0.35125, 0.370625, 0.356875, 0.360625, 0.35875], "val_recall_m": [0.350625, 0.37625, 0.34875, 0.3425, 0.341875, 0.374375, 0.365625, 0.34375, 0.3625, 0.36625, 0.35125, 0.364375, 0.355625, 0.35625, 0.346875, 0.35125, 0.370625, 0.356875, 0.360625, 0.35875], "loss": [10.393991557598113, 10.26051090812683, 10.410946468353272, 10.389455661773681, 10.33572869682312, 10.373337577184042, 10.392142035166422, 10.38273981666565, 10.312894718805948, 10.384083000183105, 10.365278536478678, 10.315581075032553, 10.48079156112671, 10.248422353108724, 10.36259219678243, 10.300806129455566, 10.43378044827779, 10.351846778233845, 10.300806153615316, 10.341101384480794], "val_acc": [0.350625, 0.37625, 0.34875, 0.3425, 0.341875, 0.374375, 0.365625, 0.34375, 0.3625, 0.36625, 0.35125, 0.364375, 0.355625, 0.35625, 0.346875, 0.35125, 0.370625, 0.356875, 0.360625, 0.35875], "val_loss": [10.46668821334839, 10.053662033081055, 10.496909565925598, 10.597647743225098, 10.607721538543702, 10.083883428573609, 10.224916820526124, 10.577500114440918, 10.27528582572937, 10.214842996597291, 10.456614375114441, 10.245064387321472, 10.386097764968872, 10.376023950576782, 10.527131090164184, 10.456614379882813, 10.144326286315918, 10.365950083732605, 10.305507292747498, 10.33572874546051], "acc": [0.35408333333333336, 0.36341666666666667, 0.35408333333333336, 0.35541666666666666, 0.35875, 0.35641666666666666, 0.35525, 0.35583333333333333, 0.3601666666666667, 0.35575, 0.35691666666666666, 0.36, 0.34975, 0.3641666666666667, 0.3570833333333333, 0.36091666666666666, 0.3526666666666667, 0.35775, 0.36091666666666666, 0.35841666666666666], "precision_m": [0.35391666666666666, 0.36341666666666667, 0.35408333333333336, 0.35541666666666666, 0.35875, 0.35641666666666666, 0.35525, 0.35583333333333333, 0.3601666666666667, 0.35575, 0.35691666666666666, 0.36, 0.34975, 0.3641666666666667, 0.3570833333333333, 0.36091666666666666, 0.3526666666666667, 0.35775, 0.36091666666666666, 0.35841666666666666], "f1_m": [0.35391660724083585, 0.3634166072408358, 0.3540832738876343, 0.35541660724083585, 0.35874994055430093, 0.35641660714149476, 0.3552499405145645, 0.3558332738876343, 0.3601666071216265, 0.3557499404748281, 0.35691660722096763, 0.35999994045495987, 0.3497499405344327, 0.36416660728057226, 0.35708327386776606, 0.360916607260704, 0.35266660726070403, 0.3577499404549599, 0.36091660714149476, 0.35841660714149476], "recall_m": [0.35391666666666666, 0.36341666666666667, 0.35408333333333336, 0.35541666666666666, 0.35875, 0.35641666666666666, 0.35525, 0.35583333333333333, 0.3601666666666667, 0.35575, 0.35691666666666666, 0.36, 0.34975, 0.3641666666666667, 0.3570833333333333, 0.36091666666666666, 0.3526666666666667, 0.35775, 0.36091666666666666, 0.35841666666666666], "val_f1_m": [0.35062494039535524, 0.3762499403953552, 0.3487499405443668, 0.34249994039535525, 0.3418749403953552, 0.3743749405443668, 0.3656249403953552, 0.3437499414384365, 0.36249994054436685, 0.3662499405443668, 0.35124994039535523, 0.3643749408423901, 0.35562494069337847, 0.35624994069337845, 0.3468749403953552, 0.3512499405443668, 0.3706249409914017, 0.35687494054436686, 0.36062494069337847, 0.3587499405443668]}