epoch;acc;f1_m;loss;precision_m;recall_m;val_acc;val_f1_m;val_loss;val_precision_m;val_recall_m
0;0.985;0.9849999883969625;0.04081859255987729;0.985;0.985;0.464375;0.4643749403953552;8.633254947662353;0.464375;0.464375
1;0.99275;0.9927499935626983;0.019485829681454563;0.99275;0.99275;0.436875;0.43687494039535524;7.796711902618409;0.436875;0.436875
2;0.9934166666666666;0.9934166606267293;0.017074845779310937;0.9934166666666666;0.9934166666666666;0.4325;0.4324999403953552;7.255531320571899;0.4325;0.4325
3;0.9941666666666666;0.9941666617393493;0.016672677801778113;0.9941666666666666;0.9941666666666666;0.43625;0.43624994039535525;4.534310311079025;0.43625;0.43625
