{"loss": [0.032159864242054026, 0.022190171979452618, 0.015605564269334233, 0.008130435878999682, 0.016218938248967484, 0.004797302966302747, 0.005107431638802609, 0.006210845052634492, 0.0027551288793320056, 0.0017861463202868133, 0.008287003395013074, 0.00859741583982956, 0.0024076687452269045, 0.002810884332750258, 0.0010136855514315168, 0.0008782425719767085, 3.246048697531023e-05, 1.3715086430427922e-05, 7.38122925671784e-06, 6.1474209344585994e-06], "val_recall_m": [0.44625, 0.50625, 0.449375, 0.54875, 0.425, 0.44625, 0.5525, 0.438125, 0.999375, 0.4325, 0.543125, 0.443125, 0.446875, 0.431875, 0.45625, 0.999375, 0.999375, 0.999375, 0.999375, 0.999375], "precision_m": [0.9898333333333333, 0.99225, 0.9944166666666666, 0.9971666666666666, 0.9951666666666666, 0.9984166666666666, 0.9986666666666667, 0.99825, 0.9993333333333333, 0.9994166666666666, 0.9981666666666666, 0.9971666666666666, 0.9993333333333333, 0.9988333333333334, 0.9996666666666667, 0.9999166666666667, 1.0, 1.0, 1.0, 1.0], "f1_m": [0.989833324988683, 0.9922499933242798, 0.9944166616598765, 0.9971666639645894, 0.9951666628519694, 0.9984166652361552, 0.998666665395101, 0.9982499984105428, 0.9993333326975504, 0.9994166661103566, 0.9981666653951009, 0.9971666641235352, 0.9993333326975504, 0.9988333322207132, 0.9996666663487752, 0.9999166665871938, 1.0, 1.0, 1.0, 1.0], "val_acc": [0.44625, 0.50625, 0.449375, 0.54875, 0.425, 0.44625, 0.5525, 0.438125, 0.999375, 0.4325, 0.543125, 0.443125, 0.446875, 0.431875, 0.45625, 0.999375, 0.999375, 0.999375, 0.999375, 0.999375], "acc": [0.9898333333333333, 0.99225, 0.9944166666666666, 0.9971666666666666, 0.9951666666666666, 0.9984166666666666, 0.9986666666666667, 0.99825, 0.9993333333333333, 0.9994166666666666, 0.9981666666666666, 0.9971666666666666, 0.9993333333333333, 0.9988333333333334, 0.9996666666666667, 0.9999166666666667, 1.0, 1.0, 1.0, 1.0], "val_f1_m": [0.4462499403953552, 0.5062499403953552, 0.44937494039535525, 0.5487499403953552, 0.42499994054436685, 0.4462499403953552, 0.5524999403953552, 0.4381249403953552, 0.9993749994039536, 0.4324999403953552, 0.5431249403953552, 0.4431249403953552, 0.4468749405443668, 0.4318749405443668, 0.4562499403953552, 0.9993749994039536, 0.9993749994039536, 0.9993749994039536, 0.9993749994039536, 0.9993749994039536], "val_loss": [8.781189045906068, 0.9935251066088676, 7.753268623352051, 0.7495599955320358, 8.495609302520752, 4.5515744018554685, 1.0185892659425735, 5.9997229933738705, 0.0020423899177967543, 6.817714881896973, 7.363954906463623, 4.622072403430939, 2.9261519432067873, 5.877550444602966, 4.097486562728882, 0.0008986008525748445, 0.0008898889787423059, 0.0007683060077594917, 0.0009805505479695852, 0.0008693026178298169], "val_precision_m": [0.44625, 0.50625, 0.449375, 0.54875, 0.425, 0.44625, 0.5525, 0.438125, 0.999375, 0.4325, 0.543125, 0.443125, 0.446875, 0.431875, 0.45625, 0.999375, 0.999375, 0.999375, 0.999375, 0.999375], "recall_m": [0.9898333333333333, 0.99225, 0.9944166666666666, 0.9971666666666666, 0.9951666666666666, 0.9984166666666666, 0.9986666666666667, 0.99825, 0.9993333333333333, 0.9994166666666666, 0.9981666666666666, 0.9971666666666666, 0.9993333333333333, 0.9988333333333334, 0.9996666666666667, 0.9999166666666667, 1.0, 1.0, 1.0, 1.0]}