{"loss": [8.939751221179963, 8.963004254023234, 8.930768067042033, 8.946886173248291, 8.971063306172688, 8.926738545099894, 8.996583640416464, 8.957631563822428, 8.957631553014119, 9.023447120666503, 8.840775379180908, 9.05836966451009, 8.87569790204366, 8.96837696393331, 8.99121092414856, 8.95360204633077, 8.930768072128297, 8.946886163711548, 8.967033787409465, 8.889129653930665], "val_recall_m": [0.4325, 0.46625, 0.42125, 0.456875, 0.444375, 0.446875, 0.44375, 0.446875, 0.44125, 0.420625, 0.46625, 0.44875, 0.445625, 0.4325, 0.440625, 0.4525, 0.450625, 0.4425, 0.44125, 0.44], "val_loss": [9.147019214630127, 8.603033471107484, 9.328347725868225, 8.754140625, 8.955616745948792, 8.915321612358094, 8.965690622329712, 8.915321550369264, 9.005985898971558, 9.338421549797058, 8.603033442497253, 8.885100164413451, 8.935469217300415, 9.147019157409668, 9.016059684753419, 8.824657301902771, 8.854878692626952, 8.985838227272033, 9.005985822677612, 9.026133451461792], "acc": [0.44483333333333336, 0.4439166666666667, 0.4459166666666667, 0.4449166666666667, 0.4434166666666667, 0.44616666666666666, 0.44183333333333336, 0.44425, 0.44425, 0.44016666666666665, 0.4515, 0.438, 0.4493333333333333, 0.44358333333333333, 0.44216666666666665, 0.4445, 0.4459166666666667, 0.4449166666666667, 0.44366666666666665, 0.4485], "val_f1_m": [0.4324999403953552, 0.4662499403953552, 0.42124994039535524, 0.4568749403953552, 0.44437494039535524, 0.44687494039535525, 0.4437499403953552, 0.44687494039535525, 0.4412499403953552, 0.42062494054436683, 0.4662499403953552, 0.44874994054436684, 0.4456249403953552, 0.4324999403953552, 0.4406249403953552, 0.45249994039535524, 0.4506249403953552, 0.4424999405443668, 0.4412499403953552, 0.43999994054436686], "val_precision_m": [0.4325, 0.46625, 0.42125, 0.456875, 0.444375, 0.446875, 0.44375, 0.446875, 0.44125, 0.420625, 0.46625, 0.44875, 0.445625, 0.4325, 0.440625, 0.4525, 0.450625, 0.4425, 0.44125, 0.44], "val_acc": [0.4325, 0.46625, 0.42125, 0.456875, 0.444375, 0.446875, 0.44375, 0.446875, 0.44125, 0.420625, 0.46625, 0.44875, 0.445625, 0.4325, 0.440625, 0.4525, 0.450625, 0.4425, 0.44125, 0.44], "recall_m": [0.44483333333333336, 0.4439166666666667, 0.4459166666666667, 0.4449166666666667, 0.4434166666666667, 0.44616666666666666, 0.44183333333333336, 0.44425, 0.44425, 0.44016666666666665, 0.4515, 0.438, 0.4493333333333333, 0.44358333333333333, 0.44216666666666665, 0.4445, 0.4459166666666667, 0.4449166666666667, 0.44366666666666665, 0.4485], "f1_m": [0.4448332737286886, 0.4439166070620219, 0.4459166070818901, 0.4449166070620219, 0.4434166070620219, 0.4461666071017583, 0.4418332737286886, 0.4442499404152234, 0.4442499403953552, 0.4401666070818901, 0.45149994039535524, 0.4379999404748281, 0.44933327376842497, 0.44358327372868855, 0.4421666070620219, 0.44449994041522345, 0.44591660710175834, 0.4449166071414947, 0.4436666070818901, 0.44849994039535523], "precision_m": [0.44483333333333336, 0.4439166666666667, 0.4459166666666667, 0.4449166666666667, 0.4434166666666667, 0.44616666666666666, 0.44183333333333336, 0.44425, 0.44425, 0.44016666666666665, 0.4515, 0.438, 0.4493333333333333, 0.44358333333333333, 0.44216666666666665, 0.4445, 0.4459166666666667, 0.4449166666666667, 0.44366666666666665, 0.4485]}