{"val_f1_m": [0.9756249821186066, 0.4981249403953552, 0.15874994724988936, 0.5637499403953552, 0.9924999928474426, 0.06187496870756149, 0.1668749465048313, 0.4324999403953552, 0.23937494352459907, 0.6118749403953552, 0.6593749403953553, 0.24124994173645972, 1.0, 0.2793749414384365, 0.7287499409914017, 0.05937496706843376, 1.0, 1.0, 0.5606249403953553, 0.5162499403953552], "loss": [0.04090051585826829, 0.014781488825878947, 0.01088044978159284, 0.01282830152718581, 0.007417705955527405, 0.006835443483750263, 0.0049350291447095365, 0.005625426938343348, 0.0017419616961838074, 0.004863437663004675, 0.0044522055345091755, 0.0037587214107680325, 0.0010423261716342534, 0.0003219746009920262, 0.008191501621398744, 0.0006026668833689351, 5.281172405623617e-05, 2.300754215508505e-05, 0.005500431159730416, 0.007256225290099527], "acc": [0.9871666666666666, 0.9953333333333333, 0.9963333333333333, 0.9965, 0.9976666666666667, 0.998, 0.99825, 0.998, 0.9994166666666666, 0.9985833333333334, 0.9983333333333333, 0.999, 0.9996666666666667, 0.9998333333333334, 0.9975833333333334, 0.9998333333333334, 1.0, 1.0, 0.99925, 0.9976666666666667], "val_precision_m": [0.975625, 0.498125, 0.15875, 0.56375, 0.9925, 0.061875, 0.166875, 0.4325, 0.239375, 0.611875, 0.659375, 0.24125, 1.0, 0.279375, 0.72875, 0.059375, 1.0, 1.0, 0.560625, 0.51625], "f1_m": [0.9871666564941406, 0.9953333289623261, 0.9963333301544189, 0.9964999970595042, 0.9976666644414266, 0.9979999981721243, 0.99824999833107, 0.9979999980926514, 0.9994166661103566, 0.9985833320617675, 0.9983333317438762, 0.9989999990463256, 0.9996666663487752, 0.9998333331743876, 0.997583331267039, 0.9998333331743876, 1.0, 1.0, 0.9992499993642171, 0.9976666649182637], "precision_m": [0.9871666666666666, 0.9953333333333333, 0.9963333333333333, 0.9965, 0.9976666666666667, 0.998, 0.99825, 0.998, 0.9994166666666666, 0.9985833333333334, 0.9983333333333333, 0.999, 0.9996666666666667, 0.9998333333333334, 0.9975833333333334, 0.9998333333333334, 1.0, 1.0, 0.99925, 0.9976666666666667], "recall_m": [0.9871666666666666, 0.9953333333333333, 0.9963333333333333, 0.9965, 0.9976666666666667, 0.998, 0.99825, 0.998, 0.9994166666666666, 0.9985833333333334, 0.9983333333333333, 0.999, 0.9996666666666667, 0.9998333333333334, 0.9975833333333334, 0.9998333333333334, 1.0, 1.0, 0.99925, 0.9976666666666667], "val_acc": [0.975625, 0.498125, 0.15875, 0.56375, 0.9925, 0.061875, 0.166875, 0.4325, 0.239375, 0.611875, 0.659375, 0.24125, 1.0, 0.279375, 0.72875, 0.059375, 1.0, 1.0, 0.560625, 0.51625], "val_loss": [0.09628061124672968, 0.8932644367218018, 1.7612522292137145, 3.526216323375702, 0.024992991233812063, 1.9230638015270234, 3.7684893679618834, 2.4043294644355773, 1.6320463520288468, 0.7118906849622726, 0.8858930465579032, 1.5676711577177047, 0.0005088716187682962, 2.1427409160137176, 0.5395784373581409, 1.9747311198711395, 2.6864425424122375e-05, 0.0004597304906444322, 1.1981065583229065, 1.537071459889412], "val_recall_m": [0.975625, 0.498125, 0.15875, 0.56375, 0.9925, 0.061875, 0.166875, 0.4325, 0.239375, 0.611875, 0.659375, 0.24125, 1.0, 0.279375, 0.72875, 0.059375, 1.0, 1.0, 0.560625, 0.51625]}