{"val_acc": [0.464375, 0.436875, 0.4325, 0.43625, 0.451875, 0.44375, 0.294375, 0.434375, 0.531875, 0.434375, 0.46, 0.445, 0.45625, 1.0, 1.0, 1.0, 0.433125, 0.455, 1.0, 0.44625], "recall_m": [0.985, 0.99275, 0.9934166666666666, 0.9941666666666666, 0.9961666666666666, 0.99675, 0.99875, 0.9978333333333333, 0.9986666666666667, 0.9975833333333334, 0.9983333333333333, 0.99875, 0.9981666666666666, 1.0, 1.0, 1.0, 0.9976666666666667, 0.99975, 1.0, 0.9984166666666666], "val_precision_m": [0.464375, 0.436875, 0.4325, 0.43625, 0.451875, 0.44375, 0.294375, 0.434375, 0.531875, 0.434375, 0.46, 0.445, 0.45625, 1.0, 1.0, 1.0, 0.433125, 0.455, 1.0, 0.44625], "val_f1_m": [0.4643749403953552, 0.43687494039535524, 0.4324999403953552, 0.43624994039535525, 0.45187494039535525, 0.4437499403953552, 0.2943749414384365, 0.43437494039535524, 0.5318749403953552, 0.4343749405443668, 0.45999994039535524, 0.44499994039535523, 0.4562499403953552, 1.0, 1.0, 1.0, 0.4331249403953552, 0.45499994039535524, 1.0, 0.4462499403953552], "val_loss": [8.633254947662353, 7.796711902618409, 7.255531320571899, 4.534310311079025, 1.9760077178478241, 3.662070984840393, 1.157009913921356, 2.024427827000618, 0.7898268738389015, 2.008994026184082, 2.201869767904282, 4.908420531749726, 4.368132996559143, 6.465557873582384e-05, 1.6448165073796872e-05, 5.2789596634141844e-05, 3.663829848766327, 4.136121604442597, 0.00022775958358991488, 3.6588177704811096], "precision_m": [0.985, 0.99275, 0.9934166666666666, 0.9941666666666666, 0.9961666666666666, 0.99675, 0.99875, 0.9978333333333333, 0.9986666666666667, 0.9975833333333334, 0.9983333333333333, 0.99875, 0.9981666666666666, 1.0, 1.0, 1.0, 0.9976666666666667, 0.99975, 1.0, 0.9984166666666666], "val_recall_m": [0.464375, 0.436875, 0.4325, 0.43625, 0.451875, 0.44375, 0.294375, 0.434375, 0.531875, 0.434375, 0.46, 0.445, 0.45625, 1.0, 1.0, 1.0, 0.433125, 0.455, 1.0, 0.44625], "loss": [0.04081859255987729, 0.019485829681454563, 0.017074845779310937, 0.016672677801778113, 0.010765146943718567, 0.00924961439789528, 0.004094962227372056, 0.006372604805066298, 0.004660645732195102, 0.008133474046195792, 0.004598588255258411, 0.0052536432598697235, 0.007919312872156734, 6.55830569615432e-05, 4.347870523217049e-05, 1.8414105359075468e-05, 0.009815497566992747, 0.0006740789903191361, 3.9939043971647455e-05, 0.004368394234084121], "f1_m": [0.9849999883969625, 0.9927499935626983, 0.9934166606267293, 0.9941666617393493, 0.9961666632493337, 0.996749997138977, 0.9987499988079072, 0.9978333314259847, 0.998666665395101, 0.9975833311875661, 0.998333331823349, 0.9987499988873799, 0.9981666651566823, 1.0, 1.0, 1.0, 0.9976666644414266, 0.9997499997615814, 1.0, 0.9984166655540466], "acc": [0.985, 0.99275, 0.9934166666666666, 0.9941666666666666, 0.9961666666666666, 0.99675, 0.99875, 0.9978333333333333, 0.9986666666666667, 0.9975833333333334, 0.9983333333333333, 0.99875, 0.9981666666666666, 1.0, 1.0, 1.0, 0.9976666666666667, 0.99975, 1.0, 0.9984166666666666]}