{"recall_m": [0.9881666666666666, 0.9945833333333334, 0.996, 0.99625, 0.9975833333333334, 0.9985833333333334, 0.9979166666666667, 0.9975, 0.9996666666666667, 1.0, 1.0, 0.9969166666666667, 0.9988333333333334, 0.99925, 0.9979166666666667, 0.99875, 0.9998333333333334, 0.9996666666666667, 0.9985, 0.9999166666666667], "val_acc": [0.999375, 0.994375, 0.999375, 0.993125, 0.995, 1.0, 0.965, 0.993125, 0.99875, 0.999375, 1.0, 0.9975, 0.999375, 0.999375, 0.9975, 0.999375, 1.0, 0.989375, 1.0, 0.999375], "acc": [0.9881666666666666, 0.9945833333333334, 0.996, 0.99625, 0.9975833333333334, 0.9985833333333334, 0.9979166666666667, 0.9975, 0.9996666666666667, 1.0, 1.0, 0.9969166666666667, 0.9988333333333334, 0.99925, 0.9979166666666667, 0.99875, 0.9998333333333334, 0.9996666666666667, 0.9985, 0.9999166666666667], "loss": [0.03931938504325869, 0.015676824663738445, 0.01203172459621093, 0.012757707014257524, 0.0079686552743201, 0.004675916285321288, 0.006112168586304847, 0.008006518381190006, 0.0013811120706651346, 4.0709738366577616e-05, 1.276953070826418e-05, 0.01139564447823049, 0.004953670702414059, 0.002486226944207734, 0.005469289065476327, 0.0040922978376472085, 0.00025511545040063767, 0.0015388573090524649, 0.004753600839596174, 0.00015945114645571343], "val_recall_m": [0.999375, 0.994375, 0.999375, 0.993125, 0.995, 1.0, 0.965, 0.993125, 0.99875, 0.999375, 1.0, 0.9975, 0.999375, 0.999375, 0.9975, 0.999375, 1.0, 0.989375, 1.0, 0.999375], "f1_m": [0.9881666576067607, 0.9945833283265432, 0.9959999965031942, 0.9962499967416127, 0.9975833310286204, 0.9985833319822948, 0.9979166648387909, 0.9974999979337057, 0.9996666663487752, 1.0, 1.0, 0.9969166642030081, 0.9988333323001861, 0.9992499992847442, 0.9979166646798452, 0.9987499988079072, 0.9998333331743876, 0.9996666663487752, 0.9984999987284342, 0.9999166665871938], "val_f1_m": [0.9993749994039536, 0.994374994635582, 0.9993749994039536, 0.9931249940395355, 0.9949999958276748, 1.0, 0.9649999731779099, 0.9931249940395355, 0.9987499988079072, 0.9993749994039536, 1.0, 0.9974999976158142, 0.9993749994039536, 0.9993749994039536, 0.9974999976158142, 0.9993749994039536, 1.0, 0.9893749904632568, 1.0, 0.9993749994039536], "val_loss": [0.0026470154034905135, 0.02915581697041418, 0.0008505142491723916, 0.019890069735662905, 0.012640875006231908, 0.0006457129843138886, 0.12036807473748923, 0.017879941294718264, 0.003426252830302445, 0.0007998702779127598, 0.00028900786821296266, 0.008366959032532578, 0.0033618655049710354, 0.0017752616433955382, 0.013838869570455188, 0.0010583004886818514, 0.00019528104287431348, 0.030742789890500718, 0.00031513840232079817, 0.0011410484945157862], "precision_m": [0.9881666666666666, 0.9945833333333334, 0.996, 0.99625, 0.9975833333333334, 0.9985833333333334, 0.9979166666666667, 0.9975, 0.9996666666666667, 1.0, 1.0, 0.9969166666666667, 0.9988333333333334, 0.99925, 0.9979166666666667, 0.99875, 0.9998333333333334, 0.9996666666666667, 0.9985, 0.9999166666666667], "val_precision_m": [0.999375, 0.994375, 0.999375, 0.993125, 0.995, 1.0, 0.965, 0.993125, 0.99875, 0.999375, 1.0, 0.9975, 0.999375, 0.999375, 0.9975, 0.999375, 1.0, 0.989375, 1.0, 0.999375]}