epoch;loss;mean_squared_error;val_loss;val_mean_squared_error
0;1110.4297029740637;1110.4297029740637;694.6039931640624;694.6039931640624
0;1191.4514846191407;1191.4514846191407;690.5027263183594;690.5027263183594
1;791.1519674804688;791.1519674804688;800.3804755859375;800.3804755859375
