epoch;loss;mean_squared_error;val_loss;val_mean_squared_error
0;1110.4297029740637;1110.4297029740637;694.6039931640624;694.6039931640624
