{"loss": [0.005183725613711871, 0.00264577877250738, 0.0006791288219475159, 0.002454468632883001, 0.0009756599362800954, 0.00035742498058913996, 2.332646586916698e-05, 2.0831917899393535e-05, 5.824083444071851e-06, 0.003269737745615006, 0.005380398143379759, 0.0001362045896727391, 0.003796053926513925, 8.528817301559977e-05, 0.0016621397258844638, 0.00035873982483150085, 0.00019186952089122325, 0.0018322029176486693, 0.0004773764078434698, 1.3112841757286831e-05], "val_f1_m": [0.6824999403953552, 0.6520650216724457, 0.6706249403953553, 0.33291608609902545, 0.6656249403953552, 0.6852314794466403, 0.6524999403953552, 0.6664580132098908, 0.6824999403953552, 0.3285356102807352, 0.4543749403953552, 0.6602001906336473, 0.6699999403953553, 0.6789736575417883, 0.6693749403953553, 0.665832230832908, 0.6749999403953553, 0.6883603908839602, 0.6520650215232476, 0.6718749409914017], "recall_m": [0.9979152768512342, 0.9993324432576769, 0.9998331108144193, 0.9994993324432577, 0.9994993324432577, 0.9998331108144193, 1.0, 1.0, 1.0, 0.9988325550366911, 0.9993324432576769, 1.0, 0.9991655540720962, 1.0, 0.999582777036048, 0.9998331108144193, 0.9999165554072096, 0.9996662216288384, 0.9998331108144193, 1.0], "acc": [0.9979152768512342, 0.9993324432576769, 0.9998331108144193, 0.9994993324432577, 0.9994993324432577, 0.9998331108144193, 1.0, 1.0, 1.0, 0.9988325550366911, 0.9993324432576769, 1.0, 0.9991655540720962, 1.0, 0.999582777036048, 0.9998331108144193, 0.9999165554072096, 0.9996662216288384, 0.9998331108144193, 1.0], "val_recall_m": [0.6825, 0.6520650812770905, 0.670625, 0.33291614529337543, 0.665625, 0.6852315395734785, 0.6525, 0.6664580727399365, 0.6825, 0.3285356696056335, 0.454375, 0.6602002502382921, 0.67, 0.6789737171464331, 0.669375, 0.6658322904375528, 0.675, 0.688360450488605, 0.6520650811278924, 0.671875], "val_acc": [0.6825, 0.6520650812770905, 0.670625, 0.33291614529337543, 0.665625, 0.6852315395734785, 0.6525, 0.6664580727399365, 0.6825, 0.3285356696056335, 0.454375, 0.6602002502382921, 0.67, 0.6789737171464331, 0.669375, 0.6658322904375528, 0.675, 0.688360450488605, 0.6520650811278924, 0.671875], "precision_m": [0.9981806052375269, 0.9993324432576769, 0.9998331108144193, 0.9994993324432577, 0.9994993324432577, 0.9998331108144193, 1.0, 1.0, 1.0, 0.9988325550366911, 0.9993324432576769, 1.0, 0.9991655540720962, 1.0, 0.999582777036048, 0.9998331108144193, 0.9999165554072096, 0.9996662216288384, 0.9998331108144193, 1.0], "f1_m": [0.9980233725585327, 0.9993324427006242, 0.9998331106552613, 0.9994993319657839, 0.9994993319657839, 0.9998331106552613, 1.0, 1.0, 1.0, 0.9988325540028548, 0.9993324428199926, 1.0, 0.9991655535946223, 1.0, 0.9995827767177322, 0.9998331106552613, 0.9999165553276307, 0.9996662213901015, 0.9998331106552613, 1.0], "val_precision_m": [0.6825, 0.6520650812770905, 0.670625, 0.33291614529337543, 0.665625, 0.6852315395734785, 0.6525, 0.6664580727399365, 0.6825, 0.3285356696056335, 0.454375, 0.6602002502382921, 0.67, 0.6789737171464331, 0.669375, 0.6658322904375528, 0.675, 0.688360450488605, 0.6520650811278924, 0.671875], "val_loss": [4.714771199226379, 5.600796935256939, 5.307812459468842, 10.752121185331381, 5.381618430614472, 5.064144666860339, 5.59229249715805, 5.3723199991171295, 5.116410315036774, 6.385372393420701, 4.510339040756225, 5.473514165388926, 5.319088461399079, 5.173937727124879, 5.323353760242462, 5.386152434557937, 5.230447551012039, 5.021000088678582, 5.607957720756531, 5.288756504431558]}