{"val_loss": [5.228929533958435, 5.3691996131581865, 5.259362857677054, 5.235789006582936, 5.458867579698563, 5.231903874680158, 10.698385839462281, 5.234322408263167, 5.259402115345001, 5.376064381700882, 5.455488885641098, 4.880432039984177, 5.4866002857685086, 5.13015656029626, 10.77897635936737, 5.220221668716679, 5.397652908563614, 5.144075895579198, 5.413536256783, 5.329045549333098], "val_precision_m": [0.671875, 0.6664580727399365, 0.6725, 0.672090112566202, 0.660625, 0.6745932415519399, 0.33625, 0.6752190238170241, 0.671875, 0.6664580728145356, 0.66125, 0.6971214019759874, 0.659375, 0.6814768459083739, 0.33125, 0.6752190239289227, 0.665, 0.6808510636805891, 0.6639549438287976, 0.669375], "val_recall_m": [0.671875, 0.6664580727399365, 0.6725, 0.672090112566202, 0.660625, 0.6745932415519399, 0.33625, 0.6752190238170241, 0.671875, 0.6664580728145356, 0.66125, 0.6971214019759874, 0.659375, 0.6814768459083739, 0.33125, 0.6752190239289227, 0.665, 0.6808510636805891, 0.6639549438287976, 0.669375], "recall_m": [0.9935790527018012, 0.9958277703604806, 0.9994158878504673, 0.999582777036048, 0.9994158878504673, 0.9989152202937249, 0.9989152202937249, 0.9999165554072096, 0.9992489986648865, 0.999082721814543, 1.0, 1.0, 1.0, 1.0, 0.9989986648865153, 0.9994158878504673, 1.0, 1.0, 1.0, 1.0], "val_acc": [0.671875, 0.6664580727399365, 0.6725, 0.672090112566202, 0.660625, 0.6745932415519399, 0.33625, 0.6752190238170241, 0.671875, 0.6664580728145356, 0.66125, 0.6971214019759874, 0.659375, 0.6814768459083739, 0.33125, 0.6752190239289227, 0.665, 0.6808510636805891, 0.6639549438287976, 0.669375], "precision_m": [0.9935790527018012, 0.9958277703604806, 0.9994158878504673, 0.999582777036048, 0.9994158878504673, 0.9989152202937249, 0.9989152202937249, 0.9999165554072096, 0.9992489986648865, 0.999082721814543, 1.0, 1.0, 1.0, 1.0, 0.9989986648865153, 0.9994158878504673, 1.0, 1.0, 1.0, 1.0], "val_f1_m": [0.6718749403953552, 0.6664580126130983, 0.6724999409914016, 0.6720900529615572, 0.6606249403953552, 0.6745931819472951, 0.3362499403953552, 0.6752189644734761, 0.6718749403953552, 0.6664580144034757, 0.6612499403953552, 0.6971213423713426, 0.6593749409914017, 0.6814767857815357, 0.3312499403953552, 0.6752189649956695, 0.6649999403953553, 0.6808510035537509, 0.6639548837019594, 0.6693749409914017], "loss": [0.0241319513748366, 0.017116051048117864, 0.0015035904674868363, 0.0014762872158471264, 0.0023658483372790357, 0.002952905030219587, 0.0032943086542842667, 0.001385192830290719, 0.0030409253741660613, 0.0029419903891519292, 3.726887682969804e-05, 1.3148968465717117e-05, 1.2469768868061829e-05, 4.803810295485032e-06, 0.0039034169704817256, 0.002332257674152019, 7.454903685632025e-05, 1.3638227483659846e-05, 3.7095955031582046e-05, 1.0361615218837052e-05], "acc": [0.9939959973315544, 0.9958277703604806, 0.9994158878504673, 0.999582777036048, 0.9994158878504673, 0.9989152202937249, 0.9989152202937249, 0.9999165554072096, 0.9992489986648865, 0.999082721814543, 1.0, 1.0, 1.0, 1.0, 0.9989986648865153, 0.9994158878504673, 1.0, 1.0, 1.0, 1.0], "f1_m": [0.9935790494412402, 0.9958277680924802, 0.9994158872934146, 0.9995827766381532, 0.9994158872934146, 0.9989152193387774, 0.9989152193387774, 0.9999165553276307, 0.9992489980282548, 0.9990827210192843, 1.0, 1.0, 1.0, 1.0, 0.9989986642498836, 0.9994158873729935, 1.0, 1.0, 1.0, 1.0]}