{"val_precision_m": [0.6425, 0.35899040513253483, 0.35, 0.3272841051687138, 0.5886250007152557, 0.6664580727399365, 0.3375, 0.6939924904640685, 0.675, 0.6558197746437989, 0.645625, 0.5992073425661787, 0.346875, 0.6752190240035219, 0.5875, 0.3435544431284163, 0.33375, 0.6802252817512006, 0.32415519406708965, 0.554375], "val_loss": [4.3283367240428925, 2.564215250397206, 10.476762051582336, 10.833583915338052, 3.327778941988945, 3.320704483418948, 10.67823823928833, 4.486019086479693, 5.185836315155029, 3.7179676773252712, 4.058660782575608, 4.912587984780943, 5.657721316814422, 4.991152006037095, 4.6611104226112365, 10.580652167710554, 10.738681101799012, 4.876765874210974, 8.185963536383063, 5.268406901359558], "val_f1_m": [0.6424999403953552, 0.3584520391588366, 0.3499999403953552, 0.32728404612356193, 0.5880442947149277, 0.6664580126130983, 0.3374999405443668, 0.6939924303372303, 0.6749999403953553, 0.6558197150391541, 0.6456249403953552, 0.59903502419535, 0.34687494054436685, 0.6752189643988771, 0.5874999403953552, 0.3435543835610711, 0.33374994054436685, 0.6802252216243625, 0.3241551344997444, 0.5543749403953552], "recall_m": [0.9846564376250834, 0.9972463284379173, 0.9979138851802403, 0.999582777036048, 0.9964118825100133, 0.9972463284379173, 0.9981642189586115, 0.9992489986648865, 0.9981642189586115, 0.999749833222148, 0.9982476635514018, 0.9988317757009346, 0.9988317757009346, 0.9992489986648865, 0.9999165554072096, 0.9981642189586115, 0.9983311081441922, 1.0, 1.0, 0.9994162775183456], "loss": [0.043876944011923956, 0.008629315005611154, 0.009675454517838496, 0.0013599438924852673, 0.011325812823785347, 0.013471309605767418, 0.006482019622517945, 0.004251305066471706, 0.005625657791238149, 0.000812788543479472, 0.004130578027471397, 0.004462012484542305, 0.006491418111588238, 0.00404503124728514, 0.0005979692833642913, 0.00608503328524876, 0.005058589435302122, 0.0001494775776221595, 2.6524043524628226e-05, 0.002471908184884918], "val_recall_m": [0.6425, 0.3579474344047647, 0.35, 0.3272841051687138, 0.5875, 0.6664580727399365, 0.3375, 0.6939924904640685, 0.675, 0.6558197746437989, 0.645625, 0.5988735917661904, 0.346875, 0.6752190240035219, 0.5875, 0.3435544431284163, 0.33375, 0.6802252817512006, 0.32415519406708965, 0.554375], "f1_m": [0.9849202511229461, 0.9972463258118114, 0.997948876528619, 0.9995827766381532, 0.9964118796849601, 0.9972463271646538, 0.9981642182424008, 0.9992489981078337, 0.9981642174466111, 0.9997498329835705, 0.9982476619598226, 0.998831774666408, 0.998831774905145, 0.9992489981078337, 0.9999165553276307, 0.998164217685348, 0.9983311067117708, 1.0, 1.0, 0.9994162771207162], "precision_m": [0.9852735157248336, 0.9972463284379173, 0.9979862038379359, 0.999582777036048, 0.9964118825100133, 0.9972463284379173, 0.9981642189586115, 0.9992489986648865, 0.9981642189586115, 0.999749833222148, 0.9982476635514018, 0.9988317757009346, 0.9988317757009346, 0.9992489986648865, 0.9999165554072096, 0.9981642189586115, 0.9983311081441922, 1.0, 1.0, 0.9994162775183456], "acc": [0.9850733822548365, 0.9972463284379173, 0.9979973297730307, 0.999582777036048, 0.9964118825100133, 0.9972463284379173, 0.9981642189586115, 0.9992489986648865, 0.9981642189586115, 0.999749833222148, 0.9982476635514018, 0.9988317757009346, 0.9988317757009346, 0.9992489986648865, 0.9999165554072096, 0.9981642189586115, 0.9983311081441922, 1.0, 1.0, 0.9994162775183456], "val_acc": [0.6425, 0.3604505633159036, 0.35, 0.3272841051687138, 0.588125, 0.6664580727399365, 0.3375, 0.6939924904640685, 0.675, 0.6558197746437989, 0.645625, 0.5988735917661904, 0.346875, 0.6752190240035219, 0.5875, 0.3435544431284163, 0.33375, 0.6802252817512006, 0.32415519406708965, 0.554375]}