{"val_loss": [5.294457817912335, 5.265170950764261, 5.468012620210647, 5.164247074771733, 6.9091232919692995, 5.188627959192918, 5.34801433801651, 5.218630293582348, 5.308901480436566, 5.3632454036621935, 5.38346393942833, 5.008943942073588, 5.349193536043167, 5.544940149381254, 5.349202158451081, 5.237917577817533, 5.27867718577385, 5.3660594304004805, 5.285059814759383, 5.417557805776596], "acc": [0.9948298865910608, 0.9983311081441922, 0.9992489986648865, 1.0, 0.9865654205607477, 0.9997496662216289, 1.0, 0.9996662216288384, 0.9999165554072096, 0.9995830553702468, 1.0, 1.0, 1.0, 1.0, 0.9955774365821095, 0.9977469959946595, 0.999582777036048, 0.9998331108144193, 0.9999165554072096, 0.9995830553702468], "val_f1_m": [0.6706249409914017, 0.6733416174917257, 0.6606249403953552, 0.6795994393965777, 0.5031249403953553, 0.6764705279592579, 0.6681249403953552, 0.6758447464774636, 0.6706249409914017, 0.6664580129114946, 0.6656249403953552, 0.6889861728133487, 0.6681249403953552, 0.6558197150391541, 0.6681249403953552, 0.6739673996449114, 0.6724999403953552, 0.6670837954376756, 0.6720900529615572, 0.6624999403953552], "precision_m": [0.9948799199486192, 0.9983311081441922, 0.9992489986648865, 1.0, 0.9865654205607477, 0.9997496662216289, 1.0, 0.9996662216288384, 0.9999165554072096, 0.9995830553702468, 1.0, 1.0, 1.0, 1.0, 0.9955774365821095, 0.9977469959946595, 0.999582777036048, 0.9998331108144193, 0.9999165554072096, 0.9995830553702468], "f1_m": [0.9948491275887079, 0.9983311068709289, 0.9992489980282548, 1.0, 0.9865654157064307, 0.9997496659828919, 1.0, 0.9996662213105226, 0.9999165553276307, 0.9995830550521433, 1.0, 1.0, 1.0, 1.0, 0.9955774348313723, 0.9977469951988699, 0.9995827766381532, 0.9998331106552613, 0.9999165553276307, 0.9995830549726175], "val_acc": [0.670625, 0.6733416770963705, 0.660625, 0.6795994995234159, 0.503125, 0.6764705880860961, 0.668125, 0.6758448060821084, 0.670625, 0.6664580725161394, 0.665625, 0.6889862329401868, 0.668125, 0.6558197746437989, 0.668125, 0.6739674592495561, 0.6725, 0.6670838550423204, 0.6720901124916029, 0.6625], "loss": [0.01832398478009979, 0.006420356551311796, 0.002947245631832955, 7.084510986852548e-06, 0.0762529917129261, 0.0014140059548369212, 7.093230374055967e-05, 0.0010987623538611976, 0.00026614039604562695, 0.0009737678044112866, 1.904138486126481e-05, 9.24708818162194e-06, 5.75582186026731e-06, 4.721662830069939e-06, 0.025292772343800507, 0.01179963052081297, 0.002233009276760445, 0.00104778934381126, 0.0002678711719297571, 0.0017679004045137088], "recall_m": [0.9948298865910608, 0.9983311081441922, 0.9992489986648865, 1.0, 0.9865654205607477, 0.9997496662216289, 1.0, 0.9996662216288384, 0.9999165554072096, 0.9995830553702468, 1.0, 1.0, 1.0, 1.0, 0.9955774365821095, 0.9977469959946595, 0.999582777036048, 0.9998331108144193, 0.9999165554072096, 0.9995830553702468], "val_precision_m": [0.670625, 0.6733416770963705, 0.660625, 0.6795994995234159, 0.503125, 0.6764705880860961, 0.668125, 0.6758448060821084, 0.670625, 0.6664580725161394, 0.665625, 0.6889862329401868, 0.668125, 0.6558197746437989, 0.668125, 0.6739674592495561, 0.6725, 0.6670838550423204, 0.6720901124916029, 0.6625], "val_recall_m": [0.670625, 0.6733416770963705, 0.660625, 0.6795994995234159, 0.503125, 0.6764705880860961, 0.668125, 0.6758448060821084, 0.670625, 0.6664580725161394, 0.665625, 0.6889862329401868, 0.668125, 0.6558197746437989, 0.668125, 0.6739674592495561, 0.6725, 0.6670838550423204, 0.6720901124916029, 0.6625]}