{"val_f1_m": [0.3362499403953552, 0.34730907681588086, 0.35312494039535525, 0.33291608598712685, 0.3512499405443668, 0.3385481257387932, 0.33499994114041326, 0.34418016612455155, 0.32687494039535525, 0.3510637701452897, 0.33999994054436683, 0.3448059483523363, 0.3431249405443668, 0.32978717473630464, 0.3462499411404133, 0.3498122061746141, 0.33999994039535525, 0.34605751247221, 0.3354192149355653, 0.33999994039535525], "val_acc": [0.33625, 0.34730913642052563, 0.353125, 0.3329161452560759, 0.35125, 0.3385481853061385, 0.335, 0.3441802253189015, 0.326875, 0.3510638298618331, 0.34, 0.3448060075093867, 0.343125, 0.32978723406120297, 0.34625, 0.3498122653689641, 0.34, 0.34605757203955523, 0.33541927411126554, 0.34], "val_precision_m": [0.33625, 0.34730913642052563, 0.353125, 0.3329161452560759, 0.35125, 0.3385481853061385, 0.335, 0.3441802253189015, 0.326875, 0.3510638298618331, 0.34, 0.3448060075093867, 0.343125, 0.32978723406120297, 0.34625, 0.3498122653689641, 0.34, 0.34605757203955523, 0.33541927411126554, 0.34], "val_recall_m": [0.33625, 0.34730913642052563, 0.353125, 0.3329161452560759, 0.35125, 0.3385481853061385, 0.335, 0.3441802253189015, 0.326875, 0.3510638298618331, 0.34, 0.3448060075093867, 0.343125, 0.32978723406120297, 0.34625, 0.3498122653689641, 0.34, 0.34605757203955523, 0.33541927411126554, 0.34], "precision_m": [0.4910773849232822, 0.494826435246996, 0.4949098798397864, 0.48998664886515353, 0.49198931909212285, 0.4939919893190921, 0.49457610146862485, 0.49374165554072097, 0.49265687583444595, 0.4919946631087392, 0.4915720961281709, 0.49432576769025366, 0.4916555407209613, 0.4967456608811749, 0.49073765020026705, 0.4914052069425901, 0.494826435246996, 0.4915720961281709, 0.4949098798397864, 0.4922448298865911], "val_loss": [10.698385815620423, 10.520133623641184, 10.426392941474914, 10.752121229494021, 10.456614360809326, 10.661343523199776, 10.718533411026002, 10.570565704708553, 10.849493026733398, 10.459615108217854, 10.63794291973114, 10.560479227383533, 10.587573962211609, 10.802553343981765, 10.537204866409303, 10.479788012737327, 10.637942991256715, 10.540306506676131, 10.71177555174941, 10.637942957878114], "loss": [8.182823832310223, 8.142435758231638, 8.141090797327548, 8.220443905116083, 8.188164660067997, 8.155885453854447, 8.146470667045808, 8.159920351845878, 8.177404925087902, 8.1880785303962, 8.194889508516034, 8.15050555867092, 8.19354455334163, 8.11150151419544, 8.208339182493365, 8.197579457699376, 8.142435774784063, 8.194889512335825, 8.141090804330497, 8.184046317132971], "acc": [0.4918278852568379, 0.494826435246996, 0.4949098798397864, 0.48998664886515353, 0.49198931909212285, 0.4939919893190921, 0.49457610146862485, 0.49374165554072097, 0.49265687583444595, 0.4919946631087392, 0.4915720961281709, 0.49432576769025366, 0.4916555407209613, 0.4967456608811749, 0.49073765020026705, 0.4914052069425901, 0.494826435246996, 0.4915720961281709, 0.4949098798397864, 0.4922448298865911], "f1_m": [0.4910773253981633, 0.4948263756423512, 0.49490982023514163, 0.48998658926050875, 0.49198925948747807, 0.49399192971444733, 0.4945760418639801, 0.4937415959360762, 0.4926568162298012, 0.49199460352397584, 0.4915720365235261, 0.4943257080856089, 0.4916554811163165, 0.49674560129642487, 0.4907375905956223, 0.4914051473379453, 0.4948263756423512, 0.49157203654342085, 0.49490982023514163, 0.4922447702819463], "recall_m": [0.4910773849232822, 0.494826435246996, 0.4949098798397864, 0.48998664886515353, 0.49198931909212285, 0.4939919893190921, 0.49457610146862485, 0.49374165554072097, 0.49265687583444595, 0.4919946631087392, 0.4915720961281709, 0.49432576769025366, 0.4916555407209613, 0.4967456608811749, 0.49073765020026705, 0.4914052069425901, 0.494826435246996, 0.4915720961281709, 0.4949098798397864, 0.4922448298865911]}