{"val_acc": [0.660625, 0.34668335424869023, 0.34125, 0.3491864831784789, 0.331875, 0.34856070091339464, 0.343125, 0.3479349186483104, 0.335625, 0.33729662079461975, 0.34875, 0.33354192748386063, 0.336875, 0.33917396745932415, 0.346875, 0.3391739675339232, 0.353125, 0.3191489362261621, 0.35919899886033413, 0.3325], "f1_m": [0.9900758147160159, 0.99791388366824, 0.9986648854808272, 1.0, 0.9985814408880369, 1.0, 1.0, 0.9981642174466111, 0.9999165553276307, 1.0, 1.0, 1.0, 1.0, 1.0, 0.9978304389162916, 1.0, 1.0, 1.0, 1.0, 0.9994996659671409], "loss": [0.028508302125803294, 0.007303731891181139, 0.0039349485947083795, 9.403723814561702e-05, 0.005115678792801811, 0.00012398163039789172, 3.860002129389163e-05, 0.005202971799222669, 0.0002056221261022786, 1.2033905473437003e-05, 6.389590617413067e-06, 4.689194209897696e-06, 5.668048839116983e-06, 5.9321340278573856e-05, 0.014391263144906007, 5.805412482105018e-05, 9.035088206542787e-06, 2.7895659159982646e-05, 3.8087984859066456e-06, 0.002020548967569324], "val_recall_m": [0.660625, 0.34668335424869023, 0.34125, 0.3491864831784789, 0.331875, 0.34856070091339464, 0.343125, 0.3479349186483104, 0.335625, 0.33729662079461975, 0.34875, 0.33354192748386063, 0.336875, 0.33917396745932415, 0.346875, 0.3391739675339232, 0.353125, 0.3191489362261621, 0.35919899886033413, 0.3325], "precision_m": [0.9903956172941842, 0.9979138851802403, 0.9986648865153538, 1.0, 0.9985814419225634, 1.0, 1.0, 0.9981642189586115, 0.9999165554072096, 1.0, 1.0, 1.0, 1.0, 1.0, 0.99783044058745, 1.0, 1.0, 1.0, 1.0, 0.9994996664442962], "val_f1_m": [0.6606249403953552, 0.3466832947745938, 0.34124994054436686, 0.34918642346193557, 0.33187494114041327, 0.34856064156984656, 0.34312494039535524, 0.3479348591928637, 0.3356249405443668, 0.3372965616189195, 0.3487499405443668, 0.3335418679165154, 0.33687494054436684, 0.3391739080038775, 0.34687494054436685, 0.3391739078173798, 0.35312494039535525, 0.31914887690126376, 0.35919893951678605, 0.3324999409914017], "val_loss": [5.295741966962814, 10.530220035319036, 10.617795376777648, 10.489874380252537, 10.768902497291565, 10.49996073821907, 10.587573895454407, 10.510047139154656, 10.708459634780883, 10.681516298812083, 10.496909666061402, 10.742034773653529, 9.58657977104187, 10.651257043487586, 10.527131075859069, 10.651257086456642, 10.426392936706543, 10.974022430830516, 10.328491720598242, 10.758828687667847], "acc": [0.9899099399599733, 0.9979138851802403, 0.9986648865153538, 1.0, 0.9985814419225634, 1.0, 1.0, 0.9981642189586115, 0.9999165554072096, 1.0, 1.0, 1.0, 1.0, 1.0, 0.99783044058745, 1.0, 1.0, 1.0, 1.0, 0.9994996664442962], "val_precision_m": [0.660625, 0.34668335424869023, 0.34125, 0.3491864831784789, 0.331875, 0.34856070091339464, 0.343125, 0.3479349186483104, 0.335625, 0.33729662079461975, 0.34875, 0.33354192748386063, 0.336875, 0.33917396745932415, 0.346875, 0.3391739675339232, 0.353125, 0.3191489362261621, 0.35919899886033413, 0.3325], "recall_m": [0.9898265510340227, 0.9979138851802403, 0.9986648865153538, 1.0, 0.9985814419225634, 1.0, 1.0, 0.9981642189586115, 0.9999165554072096, 1.0, 1.0, 1.0, 1.0, 1.0, 0.99783044058745, 1.0, 1.0, 1.0, 1.0, 0.9994996664442962]}